Timestamp_ET,FlowLimit
2026-03-28 21:05:19.000,0
2026-03-28 21:07:43.000,0.03
2026-03-28 21:07:59.000,0
2026-03-28 21:12:51.000,0.01
2026-03-28 21:12:55.000,0.02
2026-03-28 21:13:05.000,0
2026-03-28 21:13:37.000,0.02
2026-03-28 21:13:45.000,0.05
2026-03-28 21:13:49.000,0.02
2026-03-28 21:13:57.000,0
2026-03-28 21:14:31.000,0.02
2026-03-28 21:14:37.000,0.06
2026-03-28 21:14:43.000,0.04
2026-03-28 21:14:51.000,0
2026-03-28 21:15:01.000,0.11
2026-03-28 21:15:17.000,0
2026-03-28 21:15:45.000,0.04
2026-03-28 21:15:57.000,0
2026-03-28 21:16:33.000,0.06
2026-03-28 21:16:45.000,0.09
2026-03-28 21:16:55.000,0
2026-03-28 21:18:01.000,0.04
2026-03-28 21:18:57.000,0
2026-03-28 21:21:57.000,0.03
2026-03-28 21:22:19.000,0
2026-03-28 21:22:55.000,0.05
2026-03-28 21:23:07.000,0
2026-03-28 21:25:33.000,0.08
2026-03-28 21:25:53.000,0
2026-03-28 21:27:31.000,0.03
2026-03-28 21:27:43.000,0
2026-03-28 21:27:49.000,0.04
2026-03-28 21:27:57.000,0.15
2026-03-28 21:28:03.000,0.1
2026-03-28 21:28:09.000,0
2026-03-28 21:28:31.000,0.04
2026-03-28 21:28:41.000,0
2026-03-28 21:29:39.000,0.08
2026-03-28 21:29:51.000,0
2026-03-28 21:30:07.000,0.05
2026-03-28 21:30:19.000,0
2026-03-28 21:30:59.000,0.04
2026-03-28 21:31:09.000,0
2026-03-28 21:31:15.000,0.31
2026-03-28 21:31:17.000,0.37
2026-03-28 21:31:25.000,0.06
2026-03-28 21:31:29.000,0
2026-03-28 21:31:33.000,0.05
2026-03-28 21:31:41.000,0.07
2026-03-28 21:31:47.000,0.03
2026-03-28 21:31:51.000,0.04
2026-03-28 21:31:55.000,0.01
2026-03-28 21:31:59.000,0
2026-03-28 21:32:07.000,0.02
2026-03-28 21:32:19.000,0
2026-03-28 21:34:43.000,0.01
2026-03-28 21:34:47.000,0.06
2026-03-28 21:34:55.000,0.17
2026-03-28 21:34:59.000,0.12
2026-03-28 21:35:05.000,0
2026-03-28 21:35:17.000,0.05
2026-03-28 21:35:23.000,0.06
2026-03-28 21:35:27.000,0.07
2026-03-28 21:35:35.000,0.06
2026-03-28 21:35:39.000,0.05
2026-03-28 21:35:45.000,0
2026-03-28 21:35:57.000,0.01
2026-03-28 21:36:09.000,0
2026-03-28 21:36:57.000,0.01
2026-03-28 21:37:01.000,0.03
2026-03-28 21:37:05.000,0.04
2026-03-28 21:37:09.000,0.12
2026-03-28 21:37:13.000,0.1
2026-03-28 21:37:15.000,0.09
2026-03-28 21:37:19.000,0.01
2026-03-28 21:37:33.000,0
2026-03-28 21:37:39.000,0.15
2026-03-28 21:37:57.000,0
2026-03-28 21:38:01.000,0.01
2026-03-28 21:38:09.000,0.16
2026-03-28 21:38:13.000,0.15
2026-03-28 21:38:23.000,0
2026-03-28 21:38:27.000,0.01
2026-03-28 21:38:35.000,0
2026-03-28 21:41:49.000,0.02
2026-03-28 21:41:59.000,0
2026-03-28 21:42:17.000,0.05
2026-03-28 21:42:37.000,0
2026-03-28 21:45:33.000,0.05
2026-03-28 21:45:45.000,0
2026-03-28 21:47:51.000,0.03
2026-03-28 21:48:01.000,0.02
2026-03-28 21:48:05.000,0
2026-03-28 21:50:57.000,0.01
2026-03-28 21:51:05.000,0.07
2026-03-28 21:51:13.000,0.06
2026-03-28 21:51:17.000,0
2026-03-28 21:53:17.000,0.02
2026-03-28 21:53:41.000,0
2026-03-28 21:54:51.000,0.01
2026-03-28 21:55:13.000,0
2026-03-28 21:55:25.000,0.01
2026-03-28 21:55:29.000,0.06
2026-03-28 21:55:33.000,0.2
2026-03-28 21:55:37.000,0.18
2026-03-28 21:55:51.000,0.13
2026-03-28 21:55:55.000,0.08
2026-03-28 21:55:59.000,0.09
2026-03-28 21:56:03.000,0.13
2026-03-28 21:56:09.000,0.04
2026-03-28 21:56:13.000,0.03
2026-03-28 21:56:17.000,0
2026-03-28 21:56:45.000,0.04
2026-03-28 21:56:49.000,0.1
2026-03-28 21:56:53.000,0.11
2026-03-28 21:56:57.000,0.06
2026-03-28 21:57:01.000,0.03
2026-03-28 21:57:03.000,0.04
2026-03-28 21:57:07.000,0.06
2026-03-28 21:57:11.000,0.05
2026-03-28 21:57:13.000,0.06
2026-03-28 21:57:25.000,0.08
2026-03-28 21:57:29.000,0.09
2026-03-28 21:57:37.000,0.08
2026-03-28 21:57:41.000,0.07
2026-03-28 21:57:43.000,0.09
2026-03-28 21:57:47.000,0.1
2026-03-28 21:57:57.000,0.08
2026-03-28 21:58:07.000,0.05
2026-03-28 21:58:09.000,0.02
2026-03-28 21:58:13.000,0
2026-03-28 21:59:51.000,0.21
2026-03-28 21:59:53.000,0.22
2026-03-28 21:59:57.000,0.25
2026-03-28 22:00:01.000,0.09
2026-03-28 22:00:05.000,0.11
2026-03-28 22:00:13.000,0.09
2026-03-28 22:00:17.000,0.1
2026-03-28 22:00:27.000,0.11
2026-03-28 22:00:33.000,0.07
2026-03-28 22:00:39.000,0.04
2026-03-28 22:00:45.000,0
2026-03-28 22:03:49.000,0.12
2026-03-28 22:04:09.000,0
2026-03-28 22:04:57.000,0.02
2026-03-28 22:05:11.000,0
2026-03-28 22:07:13.000,0.02
2026-03-28 22:07:23.000,0
2026-03-28 22:14:25.000,0.02
2026-03-28 22:14:31.000,0.09
2026-03-28 22:14:39.000,0.06
2026-03-28 22:15:01.000,0.02
2026-03-28 22:15:15.000,0.07
2026-03-28 22:15:37.000,0
2026-03-28 22:20:39.000,0.08
2026-03-28 22:20:47.000,0.1
2026-03-28 22:20:51.000,0.01
2026-03-28 22:20:59.000,0
2026-03-28 22:24:09.000,0.01
2026-03-28 22:24:17.000,0
2026-03-28 22:25:37.000,0.04
2026-03-28 22:25:51.000,0
2026-03-28 22:26:49.000,0.01
2026-03-28 22:26:59.000,0
2026-03-28 22:27:09.000,0.01
2026-03-28 22:27:17.000,0.02
2026-03-28 22:27:21.000,0.01
2026-03-28 22:27:25.000,0.03
2026-03-28 22:27:29.000,0.02
2026-03-28 22:27:35.000,0.03
2026-03-28 22:27:39.000,0
2026-03-28 22:27:43.000,0.05
2026-03-28 22:27:47.000,0.04
2026-03-28 22:27:57.000,0
2026-03-28 22:29:11.000,0.1
2026-03-28 22:29:23.000,0
2026-03-28 22:33:57.000,0.03
2026-03-28 22:34:13.000,0
2026-03-28 22:38:27.000,0.03
2026-03-28 22:38:55.000,0
2026-03-28 22:41:47.000,0.05
2026-03-28 22:42:01.000,0
2026-03-28 22:42:23.000,0.02
2026-03-28 22:42:33.000,0.03
2026-03-28 22:42:37.000,0
2026-03-28 22:43:07.000,0.03
2026-03-28 22:43:09.000,0.07
2026-03-28 22:43:15.000,0.08
2026-03-28 22:43:17.000,0.05
2026-03-28 22:43:21.000,0.01
2026-03-28 22:43:25.000,0
2026-03-28 22:46:05.000,0.04
2026-03-28 22:46:17.000,0
2026-03-28 22:46:59.000,0.05
2026-03-28 22:47:13.000,0
2026-03-28 22:47:27.000,0.04
2026-03-28 22:47:33.000,0.09
2026-03-28 22:47:41.000,0.04
2026-03-28 22:47:49.000,0
2026-03-28 22:48:21.000,0.05
2026-03-28 22:48:25.000,0.06
2026-03-28 22:48:33.000,0.01
2026-03-28 22:48:41.000,0.03
2026-03-28 22:48:47.000,0.11
2026-03-28 22:48:55.000,0.08
2026-03-28 22:48:59.000,0
2026-03-28 22:49:17.000,0.07
2026-03-28 22:49:29.000,0
2026-03-28 22:49:51.000,0.16
2026-03-28 22:50:05.000,0
2026-03-28 22:52:15.000,0.04
2026-03-28 22:52:39.000,0.02
2026-03-28 22:53:07.000,0
2026-03-28 22:54:35.000,0.01
2026-03-28 22:54:43.000,0.03
2026-03-28 22:54:47.000,0.02
2026-03-28 22:54:55.000,0
2026-03-28 22:54:59.000,0.01
2026-03-28 22:55:09.000,0
2026-03-28 22:55:29.000,0.04
2026-03-28 22:55:41.000,0
2026-03-28 22:56:49.000,0.15
2026-03-28 22:57:01.000,0
2026-03-28 22:58:51.000,0.24
2026-03-28 22:59:03.000,0
2026-03-28 22:59:19.000,0.07
2026-03-28 22:59:37.000,0
2026-03-28 22:59:53.000,0.07
2026-03-28 22:59:59.000,0.08
2026-03-28 23:00:03.000,0
2026-03-28 23:00:07.000,0.01
2026-03-28 23:00:11.000,0
2026-03-28 23:00:35.000,0.05
2026-03-28 23:00:47.000,0
2026-03-28 23:01:25.000,0.01
2026-03-28 23:01:39.000,0
2026-03-28 23:03:25.000,0.07
2026-03-28 23:03:39.000,0
2026-03-28 23:03:43.000,0.02
2026-03-28 23:03:47.000,0.19
2026-03-28 23:03:51.000,0.2
2026-03-28 23:03:53.000,0.18
2026-03-28 23:03:59.000,0.01
2026-03-28 23:04:05.000,0
2026-03-28 23:05:19.000,0.02
2026-03-28 23:05:31.000,0.01
2026-03-28 23:05:35.000,0.1
2026-03-28 23:05:39.000,0.3
2026-03-28 23:05:45.000,0.25
2026-03-28 23:05:49.000,0.07
2026-03-28 23:05:55.000,0.05
2026-03-28 23:05:57.000,0.02
2026-03-28 23:06:03.000,0
2026-03-28 23:06:07.000,0.1
2026-03-28 23:06:11.000,0.14
2026-03-28 23:06:19.000,0.04
2026-03-28 23:06:21.000,0
2026-03-28 23:06:41.000,0.05
2026-03-28 23:06:47.000,0.06
2026-03-28 23:06:51.000,0
2026-03-28 23:07:13.000,0.09
2026-03-28 23:07:17.000,0.18
2026-03-28 23:07:21.000,0.21
2026-03-28 23:07:25.000,0.14
2026-03-28 23:07:29.000,0.08
2026-03-28 23:07:33.000,0.06
2026-03-28 23:07:37.000,0.08
2026-03-28 23:07:41.000,0.07
2026-03-28 23:07:43.000,0.06
2026-03-28 23:07:47.000,0.03
2026-03-28 23:07:51.000,0.01
2026-03-28 23:07:55.000,0
2026-03-28 23:07:59.000,0.02
2026-03-28 23:08:03.000,0.07
2026-03-28 23:08:11.000,0.05
2026-03-28 23:08:15.000,0.02
2026-03-28 23:08:17.000,0.03
2026-03-28 23:08:29.000,0.01
2026-03-28 23:08:53.000,0
2026-03-28 23:08:57.000,0.02
2026-03-28 23:09:09.000,0
2026-03-28 23:09:13.000,0.08
2026-03-28 23:09:19.000,0.13
2026-03-28 23:09:23.000,0.05
2026-03-28 23:09:33.000,0.17
2026-03-28 23:09:45.000,0.09
2026-03-28 23:09:47.000,0.19
2026-03-28 23:09:51.000,0.2
2026-03-28 23:09:55.000,0.12
2026-03-28 23:09:59.000,0.07
2026-03-28 23:10:03.000,0.1
2026-03-28 23:10:07.000,0.16
2026-03-28 23:10:09.000,0.14
2026-03-28 23:10:13.000,0.16
2026-03-28 23:10:17.000,0.1
2026-03-28 23:10:21.000,0.06
2026-03-28 23:10:25.000,0.01
2026-03-28 23:10:29.000,0
2026-03-28 23:10:31.000,0.05
2026-03-28 23:10:43.000,0.02
2026-03-28 23:10:47.000,0.08
2026-03-28 23:10:49.000,0.09
2026-03-28 23:10:53.000,0.11
2026-03-28 23:10:57.000,0.07
2026-03-28 23:10:59.000,0.1
2026-03-28 23:11:03.000,0.11
2026-03-28 23:11:07.000,0.16
2026-03-28 23:11:11.000,0.17
2026-03-28 23:11:13.000,0.18
2026-03-28 23:11:17.000,0.11
2026-03-28 23:11:19.000,0.06
2026-03-28 23:11:25.000,0.04
2026-03-28 23:11:27.000,0.03
2026-03-28 23:11:35.000,0
2026-03-28 23:11:41.000,0.02
2026-03-28 23:11:51.000,0
2026-03-28 23:12:01.000,0.06
2026-03-28 23:12:13.000,0
2026-03-28 23:14:27.000,0.07
2026-03-28 23:14:31.000,0.28
2026-03-28 23:14:39.000,0.21
2026-03-28 23:14:43.000,0
2026-03-28 23:15:43.000,0.01
2026-03-28 23:15:47.000,0.32
2026-03-28 23:15:51.000,0.37
2026-03-28 23:15:59.000,0.05
2026-03-28 23:16:03.000,0.01
2026-03-28 23:16:11.000,0.02
2026-03-28 23:16:15.000,0.01
2026-03-28 23:16:17.000,0
2026-03-28 23:16:21.000,0.06
2026-03-28 23:16:25.000,0.29
2026-03-28 23:16:27.000,0.36
2026-03-28 23:16:31.000,0.35
2026-03-28 23:16:35.000,0.16
2026-03-28 23:16:39.000,0.14
2026-03-28 23:16:45.000,0.15
2026-03-28 23:16:51.000,0.12
2026-03-28 23:16:55.000,0.17
2026-03-28 23:16:59.000,0.4
2026-03-28 23:17:03.000,0.45
2026-03-28 23:17:09.000,0.26
2026-03-28 23:17:13.000,0.27
2026-03-28 23:17:21.000,0.32
2026-03-28 23:17:23.000,0.34
2026-03-28 23:17:33.000,0.31
2026-03-28 23:17:37.000,0.26
2026-03-28 23:17:39.000,0.17
2026-03-28 23:17:43.000,0.08
2026-03-28 23:17:47.000,0.1
2026-03-28 23:17:51.000,0.08
2026-03-28 23:17:53.000,0.21
2026-03-28 23:17:57.000,0.17
2026-03-28 23:18:01.000,0.21
2026-03-28 23:18:05.000,0.12
2026-03-28 23:18:09.000,0.14
2026-03-28 23:18:13.000,0.13
2026-03-28 23:18:15.000,0.09
2026-03-28 23:18:19.000,0.06
2026-03-28 23:18:23.000,0.03
2026-03-28 23:18:27.000,0.07
2026-03-28 23:18:31.000,0.12
2026-03-28 23:18:35.000,0.19
2026-03-28 23:18:39.000,0.2
2026-03-28 23:18:43.000,0.18
2026-03-28 23:18:47.000,0.15
2026-03-28 23:18:51.000,0.16
2026-03-28 23:18:55.000,0.11
2026-03-28 23:18:57.000,0.08
2026-03-28 23:19:01.000,0.02
2026-03-28 23:19:05.000,0.01
2026-03-28 23:19:09.000,0
2026-03-28 23:19:11.000,0.01
2026-03-28 23:19:15.000,0.02
2026-03-28 23:19:19.000,0.1
2026-03-28 23:19:27.000,0.09
2026-03-28 23:19:31.000,0.05
2026-03-28 23:19:35.000,0.04
2026-03-28 23:19:39.000,0.06
2026-03-28 23:19:43.000,0.04
2026-03-28 23:19:45.000,0.08
2026-03-28 23:19:49.000,0.07
2026-03-28 23:19:57.000,0.03
2026-03-28 23:20:01.000,0.01
2026-03-28 23:20:13.000,0.02
2026-03-28 23:20:17.000,0.07
2026-03-28 23:20:19.000,0.06
2026-03-28 23:20:23.000,0.18
2026-03-28 23:20:27.000,0.13
2026-03-28 23:20:31.000,0.26
2026-03-28 23:20:33.000,0.12
2026-03-28 23:20:37.000,0.16
2026-03-28 23:20:41.000,0.04
2026-03-28 23:20:47.000,0.03
2026-03-28 23:20:51.000,0.02
2026-03-28 23:20:55.000,0.06
2026-03-28 23:20:59.000,0.04
2026-03-28 23:21:07.000,0
2026-03-28 23:21:21.000,0.01
2026-03-28 23:21:29.000,0.1
2026-03-28 23:21:33.000,0.08
2026-03-28 23:21:41.000,0
2026-03-28 23:21:59.000,0.01
2026-03-28 23:22:11.000,0
2026-03-28 23:23:23.000,0.02
2026-03-28 23:23:35.000,0.01
2026-03-28 23:23:45.000,0.02
2026-03-28 23:23:55.000,0
2026-03-28 23:24:03.000,0.04
2026-03-28 23:24:13.000,0
2026-03-28 23:24:25.000,0.06
2026-03-28 23:24:31.000,0.07
2026-03-28 23:24:35.000,0.01
2026-03-28 23:24:43.000,0
2026-03-28 23:25:05.000,0.06
2026-03-28 23:25:17.000,0.01
2026-03-28 23:25:29.000,0
2026-03-28 23:26:33.000,0.02
2026-03-28 23:26:37.000,0.05
2026-03-28 23:26:41.000,0.06
2026-03-28 23:26:43.000,0.03
2026-03-28 23:26:47.000,0
2026-03-28 23:27:01.000,0.07
2026-03-28 23:27:05.000,0.08
2026-03-28 23:27:15.000,0.01
2026-03-28 23:27:19.000,0
2026-03-28 23:27:25.000,0.03
2026-03-28 23:27:29.000,0.13
2026-03-28 23:27:33.000,0.38
2026-03-28 23:27:37.000,0.39
2026-03-28 23:27:39.000,0.31
2026-03-28 23:27:43.000,0.1
2026-03-28 23:27:47.000,0.11
2026-03-28 23:27:51.000,0.14
2026-03-28 23:27:55.000,0.11
2026-03-28 23:27:59.000,0.06
2026-03-28 23:28:01.000,0
2026-03-28 23:28:11.000,0.05
2026-03-28 23:28:15.000,0.07
2026-03-28 23:28:23.000,0.09
2026-03-28 23:28:27.000,0.07
2026-03-28 23:28:35.000,0.02
2026-03-28 23:28:39.000,0.03
2026-03-28 23:28:45.000,0.06
2026-03-28 23:28:49.000,0.07
2026-03-28 23:28:53.000,0.08
2026-03-28 23:28:57.000,0.02
2026-03-28 23:28:59.000,0.01
2026-03-28 23:29:11.000,0
2026-03-28 23:29:25.000,0.01
2026-03-28 23:29:33.000,0.03
2026-03-28 23:29:37.000,0.02
2026-03-28 23:29:45.000,0.12
2026-03-28 23:29:49.000,0.13
2026-03-28 23:29:57.000,0.01
2026-03-28 23:29:59.000,0
2026-03-28 23:30:03.000,0.02
2026-03-28 23:30:11.000,0.01
2026-03-28 23:30:15.000,0
2026-03-28 23:30:17.000,0.08
2026-03-28 23:30:27.000,0
2026-03-28 23:31:03.000,0.04
2026-03-28 23:31:13.000,0
2026-03-28 23:31:29.000,0.01
2026-03-28 23:31:51.000,0
2026-03-28 23:32:11.000,0.01
2026-03-28 23:32:33.000,0.02
2026-03-28 23:32:43.000,0
2026-03-28 23:32:47.000,0.01
2026-03-28 23:32:51.000,0.05
2026-03-28 23:32:57.000,0.09
2026-03-28 23:33:01.000,0.08
2026-03-28 23:33:07.000,0.03
2026-03-28 23:33:11.000,0
2026-03-28 23:33:29.000,0.06
2026-03-28 23:33:37.000,0.09
2026-03-28 23:33:43.000,0.11
2026-03-28 23:33:51.000,0.06
2026-03-28 23:33:55.000,0.04
2026-03-28 23:33:57.000,0.02
2026-03-28 23:34:01.000,0
2026-03-28 23:34:23.000,0.04
2026-03-28 23:34:29.000,0.07
2026-03-28 23:34:33.000,0.02
2026-03-28 23:34:41.000,0
2026-03-28 23:35:17.000,0.04
2026-03-28 23:35:23.000,0.08
2026-03-28 23:35:27.000,0.05
2026-03-28 23:35:35.000,0.01
2026-03-28 23:35:49.000,0
2026-03-28 23:36:25.000,0.05
2026-03-28 23:36:37.000,0
2026-03-28 23:37:01.000,0.03
2026-03-28 23:37:07.000,0.06
2026-03-28 23:37:11.000,0.02
2026-03-28 23:37:19.000,0
2026-03-28 23:37:29.000,0.02
2026-03-28 23:37:41.000,0
2026-03-28 23:37:59.000,0.02
2026-03-28 23:38:07.000,0
2026-03-28 23:38:51.000,0.02
2026-03-28 23:39:01.000,0
2026-03-28 23:39:05.000,0.04
2026-03-28 23:39:15.000,0.01
2026-03-28 23:39:27.000,0
2026-03-28 23:39:31.000,0.01
2026-03-28 23:39:41.000,0
2026-03-28 23:40:17.000,0.05
2026-03-28 23:40:21.000,0.13
2026-03-28 23:40:23.000,0.21
2026-03-28 23:40:27.000,0.15
2026-03-28 23:40:31.000,0.12
2026-03-28 23:40:35.000,0.07
2026-03-28 23:40:37.000,0.1
2026-03-28 23:40:41.000,0.04
2026-03-28 23:40:45.000,0.06
2026-03-28 23:40:57.000,0.02
2026-03-28 23:40:59.000,0
2026-03-28 23:41:11.000,0.01
2026-03-28 23:41:21.000,0
2026-03-28 23:41:29.000,0.02
2026-03-28 23:41:39.000,0
2026-03-28 23:42:03.000,0.02
2026-03-28 23:42:11.000,0.04
2026-03-28 23:42:15.000,0.01
2026-03-28 23:42:21.000,0
2026-03-28 23:42:39.000,0.01
2026-03-28 23:42:51.000,0
2026-03-28 23:43:01.000,0.01
2026-03-28 23:43:05.000,0.02
2026-03-28 23:43:09.000,0.05
2026-03-28 23:43:13.000,0.11
2026-03-28 23:43:17.000,0.1
2026-03-28 23:43:19.000,0.06
2026-03-28 23:43:23.000,0
2026-03-28 23:43:57.000,0.03
2026-03-28 23:44:07.000,0
2026-03-28 23:44:43.000,0.01
2026-03-28 23:44:47.000,0.02
2026-03-28 23:44:51.000,0.03
2026-03-28 23:44:55.000,0.02
2026-03-28 23:45:03.000,0.01
2026-03-28 23:45:09.000,0
2026-03-28 23:45:59.000,0.01
2026-03-28 23:46:09.000,0
2026-03-28 23:46:37.000,0.03
2026-03-28 23:46:47.000,0
2026-03-28 23:47:23.000,0.01
2026-03-28 23:47:35.000,0
2026-03-28 23:47:49.000,0.01
2026-03-28 23:47:55.000,0.02
2026-03-28 23:47:59.000,0.01
2026-03-28 23:48:03.000,0.02
2026-03-28 23:48:07.000,0.01
2026-03-28 23:48:13.000,0
2026-03-28 23:48:39.000,0.02
2026-03-28 23:48:43.000,0.07
2026-03-28 23:48:45.000,0.08
2026-03-28 23:48:49.000,0.06
2026-03-28 23:48:53.000,0.01
2026-03-28 23:48:57.000,0.02
2026-03-28 23:49:01.000,0.04
2026-03-28 23:49:05.000,0.06
2026-03-28 23:49:07.000,0.05
2026-03-28 23:49:11.000,0.03
2026-03-28 23:49:15.000,0
2026-03-28 23:49:19.000,0.02
2026-03-28 23:49:31.000,0
2026-03-28 23:50:29.000,0.08
2026-03-28 23:50:33.000,0.09
2026-03-28 23:50:35.000,0.15
2026-03-28 23:50:39.000,0.08
2026-03-28 23:50:47.000,0.04
2026-03-28 23:50:51.000,0.05
2026-03-28 23:50:55.000,0.15
2026-03-28 23:50:59.000,0.13
2026-03-28 23:51:01.000,0.1
2026-03-28 23:51:05.000,0
2026-03-28 23:51:17.000,0.03
2026-03-28 23:51:25.000,0.1
2026-03-28 23:51:29.000,0.08
2026-03-28 23:51:33.000,0.1
2026-03-28 23:51:35.000,0.03
2026-03-28 23:51:39.000,0.02
2026-03-28 23:51:41.000,0
2026-03-28 23:54:07.000,0.02
2026-03-28 23:54:17.000,0
2026-03-28 23:55:59.000,0.09
2026-03-28 23:56:03.000,0.1
2026-03-28 23:56:09.000,0.02
2026-03-28 23:56:13.000,0.01
2026-03-28 23:56:21.000,0.05
2026-03-28 23:56:29.000,0.04
2026-03-28 23:56:33.000,0
2026-03-28 23:56:47.000,0.01
2026-03-28 23:56:55.000,0.05
2026-03-28 23:56:59.000,0.16
2026-03-28 23:57:03.000,0.15
2026-03-28 23:57:05.000,0.11
2026-03-28 23:57:09.000,0
2026-03-28 23:58:35.000,0.03
2026-03-28 23:58:39.000,0.1
2026-03-28 23:58:43.000,0.11
2026-03-28 23:58:47.000,0.08
2026-03-28 23:58:51.000,0.03
2026-03-28 23:58:55.000,0.07
2026-03-28 23:59:03.000,0.09
2026-03-28 23:59:07.000,0.03
2026-03-28 23:59:15.000,0.01
2026-03-28 23:59:19.000,0.09
2026-03-28 23:59:23.000,0.12
2026-03-28 23:59:25.000,0.11
2026-03-28 23:59:29.000,0.04
2026-03-28 23:59:33.000,0.01
2026-03-28 23:59:37.000,0
2026-03-29 00:00:27.000,0.02
2026-03-29 00:00:53.000,0
2026-03-29 00:02:03.000,0.01
2026-03-29 00:02:17.000,0.05
2026-03-29 00:02:25.000,0.04
2026-03-29 00:02:29.000,0
2026-03-29 00:02:33.000,0.04
2026-03-29 00:02:35.000,0.08
2026-03-29 00:02:39.000,0.1
2026-03-29 00:02:43.000,0.05
2026-03-29 00:02:47.000,0.01
2026-03-29 00:02:51.000,0
2026-03-29 00:02:57.000,0.03
2026-03-29 00:03:09.000,0
2026-03-29 00:05:09.000,0.05
2026-03-29 00:05:19.000,0.13
2026-03-29 00:05:21.000,0.07
2026-03-29 00:05:29.000,0
2026-03-29 00:05:51.000,0.01
2026-03-29 00:05:57.000,0
2026-03-29 00:07:29.000,0.1
2026-03-29 00:07:33.000,0.18
2026-03-29 00:07:41.000,0.13
2026-03-29 00:07:45.000,0.05
2026-03-29 00:07:53.000,0
2026-03-29 00:07:57.000,0.05
2026-03-29 00:08:09.000,0.22
2026-03-29 00:08:13.000,0.35
2026-03-29 00:08:17.000,0.38
2026-03-29 00:08:19.000,0.16
2026-03-29 00:08:23.000,0.03
2026-03-29 00:08:27.000,0.02
2026-03-29 00:08:35.000,0.12
2026-03-29 00:08:39.000,0.16
2026-03-29 00:08:43.000,0.2
2026-03-29 00:08:47.000,0.17
2026-03-29 00:08:51.000,0.14
2026-03-29 00:08:55.000,0.15
2026-03-29 00:08:57.000,0.09
2026-03-29 00:09:01.000,0.05
2026-03-29 00:09:09.000,0.04
2026-03-29 00:09:13.000,0.1
2026-03-29 00:09:17.000,0.07
2026-03-29 00:09:21.000,0.15
2026-03-29 00:09:25.000,0.1
2026-03-29 00:09:29.000,0.13
2026-03-29 00:09:33.000,0.05
2026-03-29 00:09:35.000,0.1
2026-03-29 00:09:39.000,0.05
2026-03-29 00:09:43.000,0.06
2026-03-29 00:09:47.000,0
2026-03-29 00:09:57.000,0.01
2026-03-29 00:10:05.000,0.17
2026-03-29 00:10:09.000,0.16
2026-03-29 00:10:17.000,0
2026-03-29 00:10:21.000,0.01
2026-03-29 00:10:31.000,0
2026-03-29 00:10:43.000,0.1
2026-03-29 00:10:53.000,0
2026-03-29 00:11:37.000,0.06
2026-03-29 00:11:47.000,0
2026-03-29 00:11:51.000,0.02
2026-03-29 00:11:59.000,0.03
2026-03-29 00:12:03.000,0.01
2026-03-29 00:12:11.000,0
2026-03-29 00:12:31.000,0.31
2026-03-29 00:12:35.000,0.42
2026-03-29 00:12:41.000,0.1
2026-03-29 00:12:45.000,0
2026-03-29 00:15:43.000,0.05
2026-03-29 00:15:55.000,0.06
2026-03-29 00:16:01.000,0
2026-03-29 00:16:05.000,0.06
2026-03-29 00:16:07.000,0.05
2026-03-29 00:16:15.000,0
2026-03-29 00:19:51.000,0.14
2026-03-29 00:20:01.000,0
2026-03-29 00:20:17.000,0.02
2026-03-29 00:20:25.000,0.04
2026-03-29 00:20:29.000,0.09
2026-03-29 00:20:31.000,0.26
2026-03-29 00:20:35.000,0.29
2026-03-29 00:20:39.000,0.23
2026-03-29 00:20:45.000,0.08
2026-03-29 00:20:49.000,0.03
2026-03-29 00:20:55.000,0.01
2026-03-29 00:21:01.000,0
2026-03-29 00:22:23.000,0.05
2026-03-29 00:22:39.000,0
2026-03-29 00:22:45.000,0.03
2026-03-29 00:22:49.000,0.05
2026-03-29 00:22:57.000,0.01
2026-03-29 00:23:01.000,0
2026-03-29 00:25:35.000,0.07
2026-03-29 00:25:49.000,0
2026-03-29 00:25:51.000,0.11
2026-03-29 00:25:57.000,0.36
2026-03-29 00:26:01.000,0.48
2026-03-29 00:26:05.000,0.55
2026-03-29 00:26:07.000,0.34
2026-03-29 00:26:11.000,0.16
2026-03-29 00:26:15.000,0.13
2026-03-29 00:26:21.000,0.09
2026-03-29 00:26:45.000,0.04
2026-03-29 00:26:47.000,0.01
2026-03-29 00:26:55.000,0
2026-03-29 00:27:11.000,0.02
2026-03-29 00:27:17.000,0.09
2026-03-29 00:27:25.000,0.07
2026-03-29 00:27:27.000,0
2026-03-29 00:27:31.000,0.08
2026-03-29 00:27:35.000,0.15
2026-03-29 00:27:39.000,0.18
2026-03-29 00:27:43.000,0.13
2026-03-29 00:27:47.000,0.09
2026-03-29 00:27:51.000,0.05
2026-03-29 00:27:55.000,0.07
2026-03-29 00:27:59.000,0.06
2026-03-29 00:28:07.000,0.02
2026-03-29 00:28:11.000,0.11
2026-03-29 00:28:15.000,0.15
2026-03-29 00:28:17.000,0.22
2026-03-29 00:28:21.000,0.13
2026-03-29 00:28:25.000,0.12
2026-03-29 00:28:29.000,0.06
2026-03-29 00:28:33.000,0.04
2026-03-29 00:28:37.000,0.01
2026-03-29 00:28:41.000,0
2026-03-29 00:28:51.000,0.06
2026-03-29 00:28:59.000,0.16
2026-03-29 00:29:03.000,0.17
2026-03-29 00:29:07.000,0.19
2026-03-29 00:29:13.000,0.05
2026-03-29 00:29:25.000,0.03
2026-03-29 00:29:29.000,0.01
2026-03-29 00:29:33.000,0
2026-03-29 00:29:39.000,0.07
2026-03-29 00:29:47.000,0.1
2026-03-29 00:29:51.000,0.07
2026-03-29 00:29:59.000,0.13
2026-03-29 00:30:03.000,0.08
2026-03-29 00:30:11.000,0.04
2026-03-29 00:30:15.000,0.11
2026-03-29 00:30:19.000,0.14
2026-03-29 00:30:23.000,0.12
2026-03-29 00:30:27.000,0.08
2026-03-29 00:30:29.000,0.1
2026-03-29 00:30:33.000,0.07
2026-03-29 00:30:37.000,0.04
2026-03-29 00:30:41.000,0
2026-03-29 00:30:49.000,0.07
2026-03-29 00:30:55.000,0.14
2026-03-29 00:30:59.000,0.09
2026-03-29 00:31:03.000,0.1
2026-03-29 00:31:07.000,0.05
2026-03-29 00:31:11.000,0.02
2026-03-29 00:31:13.000,0.01
2026-03-29 00:31:17.000,0
2026-03-29 00:31:25.000,0.01
2026-03-29 00:31:31.000,0.02
2026-03-29 00:31:35.000,0.01
2026-03-29 00:31:43.000,0
2026-03-29 00:32:01.000,0.08
2026-03-29 00:32:05.000,0.2
2026-03-29 00:32:09.000,0.22
2026-03-29 00:32:11.000,0.14
2026-03-29 00:32:15.000,0.02
2026-03-29 00:32:19.000,0
2026-03-29 00:33:01.000,0.01
2026-03-29 00:33:21.000,0.02
2026-03-29 00:33:25.000,0.06
2026-03-29 00:33:31.000,0.05
2026-03-29 00:33:35.000,0.01
2026-03-29 00:33:37.000,0.03
2026-03-29 00:33:41.000,0.05
2026-03-29 00:33:45.000,0.09
2026-03-29 00:33:49.000,0.06
2026-03-29 00:33:57.000,0.01
2026-03-29 00:34:01.000,0.03
2026-03-29 00:34:05.000,0.02
2026-03-29 00:34:09.000,0.01
2026-03-29 00:34:11.000,0
2026-03-29 00:34:23.000,0.04
2026-03-29 00:34:27.000,0.03
2026-03-29 00:34:33.000,0
2026-03-29 00:35:25.000,0.01
2026-03-29 00:35:37.000,0
2026-03-29 00:35:47.000,0.01
2026-03-29 00:35:59.000,0
2026-03-29 00:36:11.000,0.02
2026-03-29 00:36:17.000,0.03
2026-03-29 00:36:21.000,0.02
2026-03-29 00:36:29.000,0.01
2026-03-29 00:36:33.000,0
2026-03-29 00:36:55.000,0.01
2026-03-29 00:37:05.000,0
2026-03-29 00:39:03.000,0.01
2026-03-29 00:39:13.000,0
2026-03-29 00:39:41.000,0.02
2026-03-29 00:39:51.000,0
2026-03-29 00:39:55.000,0.02
2026-03-29 00:40:03.000,0.01
2026-03-29 00:40:07.000,0
2026-03-29 00:40:17.000,0.02
2026-03-29 00:40:29.000,0
2026-03-29 00:41:01.000,0.02
2026-03-29 00:41:11.000,0
2026-03-29 00:44:37.000,0.08
2026-03-29 00:44:41.000,0.15
2026-03-29 00:44:43.000,0.17
2026-03-29 00:44:47.000,0.1
2026-03-29 00:44:51.000,0.06
2026-03-29 00:44:55.000,0.07
2026-03-29 00:44:59.000,0.05
2026-03-29 00:45:01.000,0.02
2026-03-29 00:45:05.000,0.07
2026-03-29 00:45:17.000,0
2026-03-29 00:45:27.000,0.05
2026-03-29 00:45:37.000,0.01
2026-03-29 00:45:41.000,0.06
2026-03-29 00:45:45.000,0.11
2026-03-29 00:45:49.000,0.16
2026-03-29 00:45:53.000,0.15
2026-03-29 00:46:01.000,0.13
2026-03-29 00:46:05.000,0.14
2026-03-29 00:46:07.000,0.12
2026-03-29 00:46:11.000,0.09
2026-03-29 00:46:15.000,0.04
2026-03-29 00:46:19.000,0
2026-03-29 00:46:23.000,0.04
2026-03-29 00:46:33.000,0
2026-03-29 00:47:35.000,0.06
2026-03-29 00:47:39.000,0.07
2026-03-29 00:47:41.000,0.11
2026-03-29 00:47:45.000,0.07
2026-03-29 00:47:53.000,0.03
2026-03-29 00:47:57.000,0.02
2026-03-29 00:47:59.000,0
2026-03-29 00:48:41.000,0.01
2026-03-29 00:48:51.000,0
2026-03-29 00:49:11.000,0.01
2026-03-29 00:49:19.000,0
2026-03-29 00:50:31.000,0.01
2026-03-29 00:50:33.000,0.02
2026-03-29 00:50:37.000,0.04
2026-03-29 00:50:41.000,0.05
2026-03-29 00:50:45.000,0.04
2026-03-29 00:50:49.000,0.02
2026-03-29 00:50:51.000,0
2026-03-29 00:51:05.000,0.08
2026-03-29 00:51:17.000,0
2026-03-29 00:52:47.000,0.01
2026-03-29 00:52:57.000,0
2026-03-29 00:53:09.000,0.02
2026-03-29 00:53:19.000,0
2026-03-29 00:53:45.000,0.02
2026-03-29 00:53:47.000,0.04
2026-03-29 00:53:51.000,0.05
2026-03-29 00:53:55.000,0.04
2026-03-29 00:53:57.000,0.03
2026-03-29 00:54:01.000,0.01
2026-03-29 00:54:05.000,0.07
2026-03-29 00:54:15.000,0
2026-03-29 00:54:19.000,0.02
2026-03-29 00:54:25.000,0.06
2026-03-29 00:54:35.000,0.03
2026-03-29 00:54:39.000,0.02
2026-03-29 00:54:47.000,0.01
2026-03-29 00:54:49.000,0
2026-03-29 00:55:07.000,0.02
2026-03-29 00:55:13.000,0.09
2026-03-29 00:55:15.000,0.1
2026-03-29 00:55:19.000,0.07
2026-03-29 00:55:23.000,0
2026-03-29 00:55:33.000,0.01
2026-03-29 00:55:43.000,0
2026-03-29 00:56:03.000,0.02
2026-03-29 00:56:15.000,0.06
2026-03-29 00:56:19.000,0.09
2026-03-29 00:56:25.000,0.02
2026-03-29 00:56:29.000,0
2026-03-29 00:57:27.000,0.01
2026-03-29 00:57:37.000,0
2026-03-29 00:58:13.000,0.01
2026-03-29 00:58:15.000,0.04
2026-03-29 00:58:19.000,0.06
2026-03-29 00:58:23.000,0.05
2026-03-29 00:58:27.000,0.02
2026-03-29 00:58:29.000,0
2026-03-29 00:58:41.000,0.04
2026-03-29 00:58:45.000,0.05
2026-03-29 00:58:51.000,0.01
2026-03-29 00:58:55.000,0.05
2026-03-29 00:59:05.000,0
2026-03-29 00:59:59.000,0.01
2026-03-29 01:00:09.000,0
2026-03-29 01:01:25.000,0.03
2026-03-29 01:01:29.000,0.05
2026-03-29 01:01:33.000,0.06
2026-03-29 01:01:37.000,0.05
2026-03-29 01:01:39.000,0.06
2026-03-29 01:01:43.000,0.09
2026-03-29 01:01:47.000,0.06
2026-03-29 01:01:51.000,0.03
2026-03-29 01:01:53.000,0
2026-03-29 01:02:11.000,0.05
2026-03-29 01:02:15.000,0.04
2026-03-29 01:02:23.000,0
2026-03-29 01:02:45.000,0.02
2026-03-29 01:02:55.000,0.01
2026-03-29 01:03:05.000,0
2026-03-29 01:04:33.000,0.04
2026-03-29 01:04:43.000,0
2026-03-29 01:04:51.000,0.06
2026-03-29 01:04:55.000,0.07
2026-03-29 01:05:01.000,0
2026-03-29 01:05:25.000,0.03
2026-03-29 01:05:35.000,0
2026-03-29 01:05:39.000,0.01
2026-03-29 01:05:49.000,0
2026-03-29 01:06:01.000,0.03
2026-03-29 01:06:07.000,0.05
2026-03-29 01:06:09.000,0.01
2026-03-29 01:06:17.000,0
2026-03-29 01:06:21.000,0.01
2026-03-29 01:06:31.000,0
2026-03-29 01:06:49.000,0.01
2026-03-29 01:06:59.000,0
2026-03-29 01:08:17.000,0.01
2026-03-29 01:08:19.000,0.08
2026-03-29 01:08:23.000,0.1
2026-03-29 01:08:27.000,0.12
2026-03-29 01:08:31.000,0.06
2026-03-29 01:08:35.000,0.03
2026-03-29 01:08:37.000,0
2026-03-29 01:08:45.000,0.01
2026-03-29 01:08:55.000,0
2026-03-29 01:09:15.000,0.01
2026-03-29 01:09:25.000,0
2026-03-29 01:10:39.000,0.01
2026-03-29 01:10:43.000,0.07
2026-03-29 01:10:45.000,0.06
2026-03-29 01:10:51.000,0.01
2026-03-29 01:10:59.000,0.02
2026-03-29 01:11:01.000,0.01
2026-03-29 01:11:07.000,0
2026-03-29 01:11:19.000,0.01
2026-03-29 01:11:31.000,0
2026-03-29 01:11:49.000,0.02
2026-03-29 01:12:01.000,0
2026-03-29 01:12:15.000,0.1
2026-03-29 01:12:25.000,0.16
2026-03-29 01:12:35.000,0
2026-03-29 01:12:45.000,0.13
2026-03-29 01:13:03.000,0
2026-03-29 01:13:15.000,0.07
2026-03-29 01:13:23.000,0.08
2026-03-29 01:13:27.000,0
2026-03-29 01:14:05.000,0.19
2026-03-29 01:14:09.000,0.21
2026-03-29 01:14:15.000,0.04
2026-03-29 01:14:19.000,0.08
2026-03-29 01:14:25.000,0.18
2026-03-29 01:14:27.000,0.16
2026-03-29 01:14:33.000,0.18
2026-03-29 01:14:35.000,0.15
2026-03-29 01:14:41.000,0.11
2026-03-29 01:14:43.000,0.17
2026-03-29 01:14:47.000,0.22
2026-03-29 01:14:49.000,0.17
2026-03-29 01:14:55.000,0.16
2026-03-29 01:14:57.000,0.12
2026-03-29 01:15:01.000,0.06
2026-03-29 01:15:03.000,0.03
2026-03-29 01:15:07.000,0.2
2026-03-29 01:15:09.000,0.19
2026-03-29 01:15:11.000,0.18
2026-03-29 01:15:13.000,0
2026-03-29 01:15:19.000,0.06
2026-03-29 01:15:23.000,0.07
2026-03-29 01:15:27.000,0.02
2026-03-29 01:15:29.000,0.03
2026-03-29 01:15:33.000,0.01
2026-03-29 01:15:37.000,0.02
2026-03-29 01:15:39.000,0
2026-03-29 01:15:59.000,0.14
2026-03-29 01:16:09.000,0.29
2026-03-29 01:16:13.000,0.14
2026-03-29 01:16:19.000,0.19
2026-03-29 01:16:25.000,0.21
2026-03-29 01:16:29.000,0.02
2026-03-29 01:16:31.000,0.05
2026-03-29 01:16:35.000,0.03
2026-03-29 01:16:41.000,0.07
2026-03-29 01:16:47.000,0.11
2026-03-29 01:16:49.000,0.03
2026-03-29 01:16:57.000,0
2026-03-29 01:16:59.000,0.11
2026-03-29 01:17:07.000,0
2026-03-29 01:17:19.000,0.04
2026-03-29 01:17:29.000,0.05
2026-03-29 01:17:39.000,0.06
2026-03-29 01:17:41.000,0.07
2026-03-29 01:17:45.000,0.08
2026-03-29 01:17:47.000,0.02
2026-03-29 01:17:51.000,0.01
2026-03-29 01:17:53.000,0
2026-03-29 01:18:09.000,0.1
2026-03-29 01:18:13.000,0.12
2026-03-29 01:18:17.000,0.16
2026-03-29 01:18:19.000,0.09
2026-03-29 01:18:23.000,0.06
2026-03-29 01:18:27.000,0.03
2026-03-29 01:18:31.000,0
2026-03-29 01:19:29.000,0.01
2026-03-29 01:19:33.000,0.03
2026-03-29 01:19:37.000,0.05
2026-03-29 01:19:39.000,0.04
2026-03-29 01:19:43.000,0.02
2026-03-29 01:19:45.000,0
2026-03-29 01:19:51.000,0.09
2026-03-29 01:19:59.000,0
2026-03-29 01:21:01.000,0.13
2026-03-29 01:21:11.000,0
2026-03-29 01:21:27.000,0.04
2026-03-29 01:21:53.000,0
2026-03-29 01:22:37.000,0.1
2026-03-29 01:22:47.000,0
2026-03-29 01:23:05.000,0.17
2026-03-29 01:23:15.000,0
2026-03-29 01:23:31.000,0.01
2026-03-29 01:23:33.000,0.02
2026-03-29 01:23:37.000,0.03
2026-03-29 01:23:41.000,0.01
2026-03-29 01:23:47.000,0
2026-03-29 01:24:51.000,0.11
2026-03-29 01:24:57.000,0.17
2026-03-29 01:24:59.000,0.06
2026-03-29 01:25:05.000,0
2026-03-29 01:25:09.000,0.01
2026-03-29 01:25:21.000,0
2026-03-29 01:25:41.000,0.01
2026-03-29 01:25:49.000,0.03
2026-03-29 01:25:57.000,0.02
2026-03-29 01:26:05.000,0.03
2026-03-29 01:26:09.000,0.02
2026-03-29 01:26:17.000,0.13
2026-03-29 01:26:27.000,0
2026-03-29 01:27:03.000,0.2
2026-03-29 01:27:07.000,0.19
2026-03-29 01:27:11.000,0
2026-03-29 01:27:39.000,0.01
2026-03-29 01:27:51.000,0
2026-03-29 01:27:59.000,0.01
2026-03-29 01:28:09.000,0
2026-03-29 01:28:15.000,0.05
2026-03-29 01:28:25.000,0
2026-03-29 01:28:51.000,0.12
2026-03-29 01:29:01.000,0.04
2026-03-29 01:29:07.000,0.07
2026-03-29 01:29:11.000,0.02
2026-03-29 01:29:19.000,0.04
2026-03-29 01:29:49.000,0.01
2026-03-29 01:29:53.000,0.04
2026-03-29 01:29:57.000,0.05
2026-03-29 01:29:59.000,0.03
2026-03-29 01:30:03.000,0.01
2026-03-29 01:30:07.000,0
2026-03-29 01:30:49.000,0.15
2026-03-29 01:30:53.000,0.17
2026-03-29 01:30:57.000,0.27
2026-03-29 01:31:01.000,0.13
2026-03-29 01:31:05.000,0.1
2026-03-29 01:31:09.000,0
2026-03-29 01:31:13.000,0.03
2026-03-29 01:31:21.000,0
2026-03-29 01:31:31.000,0.07
2026-03-29 01:31:41.000,0
2026-03-29 01:31:51.000,0.06
2026-03-29 01:31:59.000,0.13
2026-03-29 01:32:03.000,0.07
2026-03-29 01:32:07.000,0.09
2026-03-29 01:32:11.000,0.04
2026-03-29 01:32:15.000,0.07
2026-03-29 01:32:19.000,0.06
2026-03-29 01:32:27.000,0.04
2026-03-29 01:32:31.000,0.02
2026-03-29 01:32:35.000,0
2026-03-29 01:32:41.000,0.01
2026-03-29 01:32:45.000,0
2026-03-29 01:32:51.000,0.01
2026-03-29 01:33:03.000,0
2026-03-29 01:33:31.000,0.05
2026-03-29 01:33:35.000,0.1
2026-03-29 01:33:43.000,0.05
2026-03-29 01:33:45.000,0
2026-03-29 01:33:55.000,0.17
2026-03-29 01:34:05.000,0
2026-03-29 01:34:13.000,0.02
2026-03-29 01:34:17.000,0.07
2026-03-29 01:34:21.000,0.11
2026-03-29 01:34:25.000,0.12
2026-03-29 01:34:27.000,0.08
2026-03-29 01:34:31.000,0.03
2026-03-29 01:34:35.000,0
2026-03-29 01:36:05.000,0.05
2026-03-29 01:36:07.000,0.18
2026-03-29 01:36:15.000,0.13
2026-03-29 01:36:17.000,0
2026-03-29 01:36:33.000,0.1
2026-03-29 01:36:43.000,0
2026-03-29 01:36:47.000,0.02
2026-03-29 01:36:53.000,0.05
2026-03-29 01:36:55.000,0.03
2026-03-29 01:37:01.000,0
2026-03-29 01:37:19.000,0.01
2026-03-29 01:37:29.000,0
2026-03-29 01:37:31.000,0.02
2026-03-29 01:37:35.000,0.04
2026-03-29 01:37:41.000,0.03
2026-03-29 01:37:45.000,0.01
2026-03-29 01:37:47.000,0
2026-03-29 01:38:05.000,0.06
2026-03-29 01:38:07.000,0.13
2026-03-29 01:38:13.000,0.06
2026-03-29 01:38:17.000,0
2026-03-29 01:38:25.000,0.04
2026-03-29 01:38:27.000,0.06
2026-03-29 01:38:33.000,0.02
2026-03-29 01:38:37.000,0
2026-03-29 01:39:29.000,0.04
2026-03-29 01:39:33.000,0.05
2026-03-29 01:39:39.000,0
2026-03-29 01:40:41.000,0.04
2026-03-29 01:40:43.000,0.08
2026-03-29 01:40:49.000,0.06
2026-03-29 01:40:53.000,0.1
2026-03-29 01:40:57.000,0.14
2026-03-29 01:40:59.000,0.15
2026-03-29 01:41:03.000,0.08
2026-03-29 01:41:07.000,0.03
2026-03-29 01:41:11.000,0
2026-03-29 01:41:49.000,0.03
2026-03-29 01:41:59.000,0
2026-03-29 01:42:31.000,0.06
2026-03-29 01:42:43.000,0
2026-03-29 01:43:15.000,0.03
2026-03-29 01:43:27.000,0
2026-03-29 01:43:35.000,0.11
2026-03-29 01:43:45.000,0
2026-03-29 01:45:01.000,0.01
2026-03-29 01:45:11.000,0
2026-03-29 01:45:51.000,0.02
2026-03-29 01:45:55.000,0.03
2026-03-29 01:46:03.000,0
2026-03-29 01:46:13.000,0.01
2026-03-29 01:46:21.000,0
2026-03-29 01:46:23.000,0.02
2026-03-29 01:46:33.000,0
2026-03-29 01:47:53.000,0.03
2026-03-29 01:48:03.000,0
2026-03-29 01:48:45.000,0.13
2026-03-29 01:48:49.000,0.17
2026-03-29 01:48:57.000,0.06
2026-03-29 01:49:01.000,0.03
2026-03-29 01:49:05.000,0.05
2026-03-29 01:49:09.000,0.03
2026-03-29 01:49:13.000,0.02
2026-03-29 01:49:17.000,0
2026-03-29 01:49:21.000,0.01
2026-03-29 01:49:25.000,0.03
2026-03-29 01:49:31.000,0.02
2026-03-29 01:49:35.000,0
2026-03-29 01:49:39.000,0.01
2026-03-29 01:49:51.000,0
2026-03-29 01:50:17.000,0.12
2026-03-29 01:50:21.000,0.14
2026-03-29 01:50:29.000,0.01
2026-03-29 01:50:33.000,0
2026-03-29 01:51:09.000,0.06
2026-03-29 01:51:21.000,0
2026-03-29 01:51:27.000,0.02
2026-03-29 01:51:31.000,0.05
2026-03-29 01:51:43.000,0.02
2026-03-29 01:51:51.000,0
2026-03-29 01:51:57.000,0.01
2026-03-29 01:52:05.000,0.06
2026-03-29 01:52:15.000,0.01
2026-03-29 01:52:21.000,0
2026-03-29 01:53:27.000,0.02
2026-03-29 01:53:33.000,0.03
2026-03-29 01:53:37.000,0
2026-03-29 01:53:59.000,0.04
2026-03-29 01:54:07.000,0.09
2026-03-29 01:54:11.000,0.07
2026-03-29 01:54:15.000,0.15
2026-03-29 01:54:19.000,0.1
2026-03-29 01:54:21.000,0.07
2026-03-29 01:54:25.000,0
2026-03-29 01:54:37.000,0.01
2026-03-29 01:54:41.000,0.07
2026-03-29 01:54:47.000,0.06
2026-03-29 01:54:51.000,0
2026-03-29 01:54:55.000,0.02
2026-03-29 01:54:59.000,0.05
2026-03-29 01:55:01.000,0.06
2026-03-29 01:55:05.000,0.03
2026-03-29 01:55:09.000,0.01
2026-03-29 01:55:13.000,0
2026-03-29 01:55:29.000,0.03
2026-03-29 01:55:39.000,0
2026-03-29 01:56:49.000,0.02
2026-03-29 01:56:57.000,0.03
2026-03-29 01:57:01.000,0
2026-03-29 01:57:05.000,0.01
2026-03-29 01:57:11.000,0.02
2026-03-29 01:57:15.000,0.03
2026-03-29 01:57:19.000,0.02
2026-03-29 01:57:23.000,0.01
2026-03-29 01:57:25.000,0
2026-03-29 01:57:57.000,0.01
2026-03-29 01:58:09.000,0
2026-03-29 01:58:19.000,0.05
2026-03-29 01:58:29.000,0
2026-03-29 01:59:53.000,0.01
2026-03-29 02:00:03.000,0
2026-03-29 02:00:15.000,0.02
2026-03-29 02:00:25.000,0
2026-03-29 02:01:01.000,0.05
2026-03-29 02:01:11.000,0
2026-03-29 02:01:23.000,0.03
2026-03-29 02:01:25.000,0.05
2026-03-29 02:01:33.000,0.02
2026-03-29 02:01:37.000,0
2026-03-29 02:02:03.000,0.07
2026-03-29 02:02:13.000,0
2026-03-29 02:02:39.000,0.02
2026-03-29 02:02:49.000,0
2026-03-29 02:03:01.000,0.01
2026-03-29 02:03:11.000,0.02
2026-03-29 02:03:19.000,0
2026-03-29 02:03:33.000,0.03
2026-03-29 02:03:41.000,0.07
2026-03-29 02:03:45.000,0.04
2026-03-29 02:03:49.000,0.09
2026-03-29 02:03:51.000,0.05
2026-03-29 02:03:55.000,0.04
2026-03-29 02:03:59.000,0.01
2026-03-29 02:04:03.000,0.02
2026-03-29 02:04:09.000,0.01
2026-03-29 02:04:13.000,0
2026-03-29 02:04:39.000,0.01
2026-03-29 02:04:41.000,0.02
2026-03-29 02:04:45.000,0.03
2026-03-29 02:04:49.000,0.02
2026-03-29 02:04:53.000,0.03
2026-03-29 02:04:57.000,0.04
2026-03-29 02:05:01.000,0.03
2026-03-29 02:05:05.000,0.02
2026-03-29 02:05:09.000,0
2026-03-29 02:08:13.000,0.01
2026-03-29 02:08:23.000,0
2026-03-29 02:09:13.000,0.1
2026-03-29 02:09:23.000,0
2026-03-29 02:11:59.000,0.01
2026-03-29 02:12:09.000,0
2026-03-29 02:14:31.000,0.05
2026-03-29 02:14:35.000,0.1
2026-03-29 02:14:39.000,0.12
2026-03-29 02:14:43.000,0.09
2026-03-29 02:14:47.000,0.1
2026-03-29 02:14:49.000,0.09
2026-03-29 02:14:53.000,0.06
2026-03-29 02:14:57.000,0.02
2026-03-29 02:15:01.000,0.06
2026-03-29 02:15:07.000,0.05
2026-03-29 02:15:11.000,0
2026-03-29 02:15:35.000,0.01
2026-03-29 02:15:45.000,0
2026-03-29 02:16:17.000,0.01
2026-03-29 02:16:25.000,0.03
2026-03-29 02:16:29.000,0.02
2026-03-29 02:16:57.000,0
2026-03-29 02:18:47.000,0.01
2026-03-29 02:18:51.000,0.03
2026-03-29 02:18:57.000,0.02
2026-03-29 02:19:01.000,0
2026-03-29 02:19:57.000,0.01
2026-03-29 02:20:07.000,0
2026-03-29 02:21:47.000,0.02
2026-03-29 02:21:57.000,0
2026-03-29 02:22:41.000,0.03
2026-03-29 02:22:45.000,0.04
2026-03-29 02:22:51.000,0
2026-03-29 02:23:11.000,0.01
2026-03-29 02:23:21.000,0
2026-03-29 02:23:35.000,0.02
2026-03-29 02:23:43.000,0.03
2026-03-29 02:23:45.000,0.01
2026-03-29 02:23:53.000,0
2026-03-29 02:23:59.000,0.04
2026-03-29 02:24:03.000,0.05
2026-03-29 02:24:09.000,0
2026-03-29 02:27:47.000,0.03
2026-03-29 02:27:55.000,0.04
2026-03-29 02:27:59.000,0
2026-03-29 02:28:09.000,0.01
2026-03-29 02:28:21.000,0
2026-03-29 02:28:59.000,0.01
2026-03-29 02:29:11.000,0
2026-03-29 02:29:31.000,0.01
2026-03-29 02:29:43.000,0
2026-03-29 02:29:45.000,0.02
2026-03-29 02:29:57.000,0
2026-03-29 02:30:23.000,0.01
2026-03-29 02:30:27.000,0.05
2026-03-29 02:30:31.000,0.07
2026-03-29 02:30:37.000,0.03
2026-03-29 02:30:41.000,0.01
2026-03-29 02:30:45.000,0
2026-03-29 02:30:57.000,0.02
2026-03-29 02:31:07.000,0
2026-03-29 02:31:47.000,0.1
2026-03-29 02:31:49.000,0.11
2026-03-29 02:31:57.000,0.01
2026-03-29 02:32:11.000,0
2026-03-29 02:32:21.000,0.03
2026-03-29 02:32:23.000,0.05
2026-03-29 02:32:31.000,0.02
2026-03-29 02:32:35.000,0
2026-03-29 02:35:15.000,0.01
2026-03-29 02:35:27.000,0
2026-03-29 02:35:29.000,0.01
2026-03-29 02:35:33.000,0.02
2026-03-29 02:35:41.000,0.01
2026-03-29 02:35:43.000,0
2026-03-29 02:35:59.000,0.02
2026-03-29 02:36:09.000,0
2026-03-29 02:36:25.000,0.05
2026-03-29 02:36:37.000,0
2026-03-29 02:36:39.000,0.01
2026-03-29 02:36:47.000,0.03
2026-03-29 02:36:49.000,0.02
2026-03-29 02:36:57.000,0
2026-03-29 02:37:15.000,0.01
2026-03-29 02:37:23.000,0.03
2026-03-29 02:37:25.000,0.01
2026-03-29 02:37:31.000,0
2026-03-29 02:37:35.000,0.01
2026-03-29 02:37:49.000,0.13
2026-03-29 02:37:57.000,0.12
2026-03-29 02:37:59.000,0.01
2026-03-29 02:38:11.000,0
2026-03-29 02:38:25.000,0.04
2026-03-29 02:38:29.000,0.05
2026-03-29 02:38:31.000,0.04
2026-03-29 02:38:35.000,0.01
2026-03-29 02:38:39.000,0
2026-03-29 02:40:13.000,0.03
2026-03-29 02:40:23.000,0
2026-03-29 02:42:17.000,0.01
2026-03-29 02:42:27.000,0
2026-03-29 02:42:41.000,0.05
2026-03-29 02:42:53.000,0
2026-03-29 02:44:11.000,0.01
2026-03-29 02:44:21.000,0
2026-03-29 02:45:13.000,0.02
2026-03-29 02:45:25.000,0
2026-03-29 02:48:17.000,0.06
2026-03-29 02:48:21.000,0.09
2026-03-29 02:48:25.000,0.19
2026-03-29 02:48:29.000,0.14
2026-03-29 02:48:33.000,0.11
2026-03-29 02:48:37.000,0.01
2026-03-29 02:48:41.000,0
2026-03-29 02:49:37.000,0.01
2026-03-29 02:49:45.000,0.02
2026-03-29 02:49:49.000,0.01
2026-03-29 02:49:57.000,0.06
2026-03-29 02:50:03.000,0.17
2026-03-29 02:50:07.000,0.1
2026-03-29 02:50:13.000,0
2026-03-29 02:51:41.000,0.06
2026-03-29 02:51:53.000,0
2026-03-29 02:52:31.000,0.01
2026-03-29 02:52:35.000,0.06
2026-03-29 02:52:41.000,0.05
2026-03-29 02:52:45.000,0
2026-03-29 02:52:53.000,0.03
2026-03-29 02:53:03.000,0
2026-03-29 02:53:11.000,0.02
2026-03-29 02:53:21.000,0.05
2026-03-29 02:53:25.000,0.22
2026-03-29 02:53:29.000,0.23
2026-03-29 02:53:33.000,0.2
2026-03-29 02:53:35.000,0.07
2026-03-29 02:53:39.000,0.11
2026-03-29 02:53:41.000,0.13
2026-03-29 02:53:45.000,0.09
2026-03-29 02:53:49.000,0.04
2026-03-29 02:53:57.000,0
2026-03-29 02:54:03.000,0.05
2026-03-29 02:54:13.000,0.01
2026-03-29 02:54:17.000,0.02
2026-03-29 02:54:21.000,0.03
2026-03-29 02:54:23.000,0.02
2026-03-29 02:54:27.000,0.01
2026-03-29 02:54:29.000,0
2026-03-29 02:56:51.000,0.01
2026-03-29 02:56:55.000,0.05
2026-03-29 02:56:59.000,0.06
2026-03-29 02:57:03.000,0.12
2026-03-29 02:57:05.000,0.1
2026-03-29 02:57:13.000,0.06
2026-03-29 02:57:17.000,0.05
2026-03-29 02:57:19.000,0.06
2026-03-29 02:57:23.000,0.05
2026-03-29 02:57:27.000,0.03
2026-03-29 02:57:31.000,0.01
2026-03-29 02:57:35.000,0.09
2026-03-29 02:57:37.000,0.13
2026-03-29 02:57:41.000,0.28
2026-03-29 02:57:45.000,0.26
2026-03-29 02:57:49.000,0.25
2026-03-29 02:57:53.000,0.1
2026-03-29 02:57:57.000,0.05
2026-03-29 02:57:59.000,0.02
2026-03-29 02:58:17.000,0.01
2026-03-29 02:58:29.000,0.02
2026-03-29 02:58:31.000,0.06
2026-03-29 02:58:51.000,0.14
2026-03-29 02:58:53.000,0.12
2026-03-29 02:58:57.000,0.14
2026-03-29 02:58:59.000,0.03
2026-03-29 02:59:01.000,0.02
2026-03-29 02:59:03.000,0
2026-03-29 02:59:13.000,0.06
2026-03-29 02:59:17.000,0.09
2026-03-29 02:59:19.000,0.11
2026-03-29 02:59:23.000,0.05
2026-03-29 02:59:27.000,0.01
2026-03-29 02:59:31.000,0.12
2026-03-29 02:59:45.000,0
2026-03-29 02:59:57.000,0.2
2026-03-29 02:59:59.000,0.44
2026-03-29 03:00:03.000,0.47
2026-03-29 03:00:05.000,0.35
2026-03-29 03:00:09.000,0.1
2026-03-29 03:00:11.000,0.11
2026-03-29 03:00:15.000,0.02
2026-03-29 03:00:19.000,0.05
2026-03-29 03:00:31.000,0.07
2026-03-29 03:00:35.000,0.04
2026-03-29 03:00:43.000,0
2026-03-29 03:00:55.000,0.02
2026-03-29 03:01:07.000,0
2026-03-29 03:01:23.000,0.07
2026-03-29 03:01:27.000,0.09
2026-03-29 03:01:31.000,0.11
2026-03-29 03:01:35.000,0.07
2026-03-29 03:01:37.000,0.11
2026-03-29 03:01:45.000,0.07
2026-03-29 03:01:49.000,0.04
2026-03-29 03:01:51.000,0.01
2026-03-29 03:01:59.000,0
2026-03-29 03:02:05.000,0.04
2026-03-29 03:02:17.000,0
2026-03-29 03:02:47.000,0.18
2026-03-29 03:02:57.000,0
2026-03-29 03:03:05.000,0.04
2026-03-29 03:03:15.000,0
2026-03-29 03:03:19.000,0.13
2026-03-29 03:03:21.000,0.26
2026-03-29 03:03:35.000,0.12
2026-03-29 03:03:39.000,0
2026-03-29 03:03:51.000,0.08
2026-03-29 03:04:03.000,0
2026-03-29 03:04:09.000,0.12
2026-03-29 03:04:15.000,0.14
2026-03-29 03:04:19.000,0.02
2026-03-29 03:04:33.000,0.07
2026-03-29 03:04:37.000,0.08
2026-03-29 03:04:43.000,0.01
2026-03-29 03:04:47.000,0
2026-03-29 03:05:37.000,0.07
2026-03-29 03:05:47.000,0
2026-03-29 03:05:59.000,0.01
2026-03-29 03:06:03.000,0.03
2026-03-29 03:06:07.000,0.13
2026-03-29 03:06:09.000,0.12
2026-03-29 03:06:13.000,0.1
2026-03-29 03:06:17.000,0.11
2026-03-29 03:06:27.000,0.13
2026-03-29 03:06:37.000,0
2026-03-29 03:07:23.000,0.03
2026-03-29 03:07:33.000,0
2026-03-29 03:08:21.000,0.02
2026-03-29 03:08:27.000,0.1
2026-03-29 03:08:29.000,0.29
2026-03-29 03:08:33.000,0.39
2026-03-29 03:08:35.000,0.31
2026-03-29 03:08:39.000,0.1
2026-03-29 03:08:41.000,0
2026-03-29 03:08:45.000,0.05
2026-03-29 03:08:49.000,0.14
2026-03-29 03:08:51.000,0.15
2026-03-29 03:08:55.000,0.1
2026-03-29 03:08:59.000,0.01
2026-03-29 03:09:03.000,0.15
2026-03-29 03:09:09.000,0.2
2026-03-29 03:09:13.000,0.07
2026-03-29 03:09:19.000,0
2026-03-29 03:09:31.000,0.02
2026-03-29 03:09:39.000,0
2026-03-29 03:09:43.000,0.13
2026-03-29 03:09:49.000,0.16
2026-03-29 03:09:51.000,0.02
2026-03-29 03:09:57.000,0
2026-03-29 03:10:01.000,0.02
2026-03-29 03:10:09.000,0.05
2026-03-29 03:10:11.000,0.03
2026-03-29 03:10:19.000,0
2026-03-29 03:10:43.000,0.12
2026-03-29 03:10:49.000,0.24
2026-03-29 03:10:53.000,0.11
2026-03-29 03:10:55.000,0.13
2026-03-29 03:10:59.000,0.01
2026-03-29 03:11:05.000,0
2026-03-29 03:11:25.000,0.05
2026-03-29 03:11:35.000,0
2026-03-29 03:11:53.000,0.11
2026-03-29 03:11:55.000,0.28
2026-03-29 03:11:59.000,0.42
2026-03-29 03:12:03.000,0.29
2026-03-29 03:12:07.000,0.18
2026-03-29 03:12:11.000,0.07
2026-03-29 03:12:15.000,0.03
2026-03-29 03:12:17.000,0
2026-03-29 03:12:21.000,0.01
2026-03-29 03:12:29.000,0
2026-03-29 03:13:09.000,0.01
2026-03-29 03:13:21.000,0
2026-03-29 03:14:11.000,0.09
2026-03-29 03:14:19.000,0
2026-03-29 03:14:21.000,0.12
2026-03-29 03:14:27.000,0.26
2026-03-29 03:14:29.000,0.13
2026-03-29 03:14:33.000,0
2026-03-29 03:14:45.000,0.11
2026-03-29 03:14:51.000,0.23
2026-03-29 03:14:55.000,0.12
2026-03-29 03:15:01.000,0
2026-03-29 03:15:03.000,0.08
2026-03-29 03:15:15.000,0
2026-03-29 03:15:35.000,0.02
2026-03-29 03:15:41.000,0.01
2026-03-29 03:15:43.000,0
2026-03-29 03:15:47.000,0.02
2026-03-29 03:15:53.000,0
2026-03-29 03:15:59.000,0.06
2026-03-29 03:16:01.000,0.07
2026-03-29 03:16:07.000,0.1
2026-03-29 03:16:09.000,0.09
2026-03-29 03:16:15.000,0
2026-03-29 03:16:25.000,0.06
2026-03-29 03:16:27.000,0.07
2026-03-29 03:16:31.000,0.01
2026-03-29 03:16:33.000,0
2026-03-29 03:16:43.000,0.03
2026-03-29 03:16:51.000,0
2026-03-29 03:16:59.000,0.03
2026-03-29 03:17:07.000,0
2026-03-29 03:17:33.000,0.05
2026-03-29 03:17:43.000,0
2026-03-29 03:18:43.000,0.08
2026-03-29 03:18:47.000,0.1
2026-03-29 03:18:55.000,0.03
2026-03-29 03:18:59.000,0.02
2026-03-29 03:19:07.000,0
2026-03-29 03:20:07.000,0.1
2026-03-29 03:20:17.000,0
2026-03-29 03:20:29.000,0.03
2026-03-29 03:20:41.000,0
2026-03-29 03:22:11.000,0.02
2026-03-29 03:22:15.000,0.08
2026-03-29 03:22:23.000,0.06
2026-03-29 03:22:27.000,0
2026-03-29 03:22:51.000,0.11
2026-03-29 03:22:59.000,0.16
2026-03-29 03:23:03.000,0.05
2026-03-29 03:23:07.000,0.09
2026-03-29 03:23:11.000,0.04
2026-03-29 03:23:15.000,0.03
2026-03-29 03:23:17.000,0
2026-03-29 03:23:35.000,0.06
2026-03-29 03:23:47.000,0.02
2026-03-29 03:23:51.000,0.04
2026-03-29 03:23:53.000,0.2
2026-03-29 03:23:57.000,0.17
2026-03-29 03:24:01.000,0.26
2026-03-29 03:24:05.000,0.1
2026-03-29 03:24:13.000,0
2026-03-29 03:25:33.000,0.08
2026-03-29 03:25:41.000,0.21
2026-03-29 03:25:43.000,0.12
2026-03-29 03:25:47.000,0.14
2026-03-29 03:25:51.000,0.01
2026-03-29 03:25:55.000,0.1
2026-03-29 03:25:57.000,0.24
2026-03-29 03:25:59.000,0.39
2026-03-29 03:26:03.000,0.49
2026-03-29 03:26:05.000,0.37
2026-03-29 03:26:09.000,0.28
2026-03-29 03:26:13.000,0.12
2026-03-29 03:26:17.000,0.14
2026-03-29 03:26:19.000,0.08
2026-03-29 03:26:23.000,0.05
2026-03-29 03:26:27.000,0
2026-03-29 03:26:39.000,0.11
2026-03-29 03:26:47.000,0.14
2026-03-29 03:26:49.000,0.02
2026-03-29 03:26:55.000,0
2026-03-29 03:26:59.000,0.06
2026-03-29 03:27:01.000,0.08
2026-03-29 03:27:05.000,0.19
2026-03-29 03:27:09.000,0.18
2026-03-29 03:27:11.000,0.16
2026-03-29 03:27:15.000,0.18
2026-03-29 03:27:17.000,0.23
2026-03-29 03:27:21.000,0.25
2026-03-29 03:27:23.000,0.33
2026-03-29 03:27:27.000,0.25
2026-03-29 03:27:33.000,0.09
2026-03-29 03:27:35.000,0.1
2026-03-29 03:27:43.000,0.07
2026-03-29 03:27:47.000,0.04
2026-03-29 03:27:51.000,0.02
2026-03-29 03:27:59.000,0.01
2026-03-29 03:28:01.000,0.07
2026-03-29 03:28:05.000,0.06
2026-03-29 03:28:11.000,0.03
2026-03-29 03:28:15.000,0.12
2026-03-29 03:28:19.000,0.16
2026-03-29 03:28:21.000,0.13
2026-03-29 03:28:25.000,0.04
2026-03-29 03:28:29.000,0
2026-03-29 03:29:29.000,0.07
2026-03-29 03:29:39.000,0
2026-03-29 03:29:43.000,0.06
2026-03-29 03:29:53.000,0
2026-03-29 03:30:07.000,0.08
2026-03-29 03:30:17.000,0.22
2026-03-29 03:30:21.000,0.38
2026-03-29 03:30:25.000,0.17
2026-03-29 03:30:27.000,0.02
2026-03-29 03:30:31.000,0
2026-03-29 03:30:39.000,0.02
2026-03-29 03:30:51.000,0.11
2026-03-29 03:30:59.000,0
2026-03-29 03:32:03.000,0.13
2026-03-29 03:32:07.000,0.18
2026-03-29 03:32:13.000,0.07
2026-03-29 03:32:17.000,0.05
2026-03-29 03:32:21.000,0.04
2026-03-29 03:32:25.000,0.01
2026-03-29 03:32:29.000,0
2026-03-29 03:32:33.000,0.01
2026-03-29 03:32:39.000,0.03
2026-03-29 03:32:43.000,0.01
2026-03-29 03:32:51.000,0
2026-03-29 03:33:01.000,0.28
2026-03-29 03:33:11.000,0
2026-03-29 03:33:23.000,0.02
2026-03-29 03:33:33.000,0
2026-03-29 03:33:53.000,0.03
2026-03-29 03:34:01.000,0.04
2026-03-29 03:34:03.000,0
2026-03-29 03:34:25.000,0.01
2026-03-29 03:34:35.000,0
2026-03-29 03:35:11.000,0.04
2026-03-29 03:35:19.000,0.05
2026-03-29 03:35:25.000,0.02
2026-03-29 03:35:29.000,0.1
2026-03-29 03:35:31.000,0.09
2026-03-29 03:35:39.000,0
2026-03-29 03:35:43.000,0.04
2026-03-29 03:35:47.000,0.1
2026-03-29 03:35:55.000,0.23
2026-03-29 03:35:59.000,0.16
2026-03-29 03:36:05.000,0.13
2026-03-29 03:36:07.000,0.2
2026-03-29 03:36:11.000,0.22
2026-03-29 03:36:15.000,0.12
2026-03-29 03:36:19.000,0.06
2026-03-29 03:36:23.000,0.04
2026-03-29 03:36:27.000,0.01
2026-03-29 03:36:33.000,0
2026-03-29 03:36:39.000,0.12
2026-03-29 03:36:47.000,0
2026-03-29 03:37:39.000,0.09
2026-03-29 03:37:43.000,0.23
2026-03-29 03:37:49.000,0.13
2026-03-29 03:37:53.000,0.03
2026-03-29 03:37:59.000,0.09
2026-03-29 03:38:03.000,0.08
2026-03-29 03:38:09.000,0.02
2026-03-29 03:38:13.000,0
2026-03-29 03:38:57.000,0.07
2026-03-29 03:39:03.000,0.13
2026-03-29 03:39:07.000,0.08
2026-03-29 03:39:11.000,0.1
2026-03-29 03:39:15.000,0.06
2026-03-29 03:39:19.000,0.07
2026-03-29 03:39:21.000,0.06
2026-03-29 03:39:23.000,0.04
2026-03-29 03:39:27.000,0
2026-03-29 03:39:47.000,0.01
2026-03-29 03:39:59.000,0
2026-03-29 03:40:25.000,0.02
2026-03-29 03:40:33.000,0.01
2026-03-29 03:40:37.000,0.03
2026-03-29 03:40:47.000,0.07
2026-03-29 03:40:51.000,0.09
2026-03-29 03:40:55.000,0.11
2026-03-29 03:40:57.000,0.04
2026-03-29 03:41:01.000,0.02
2026-03-29 03:41:03.000,0
2026-03-29 03:41:07.000,0.07
2026-03-29 03:41:13.000,0.14
2026-03-29 03:41:19.000,0.06
2026-03-29 03:41:27.000,0
2026-03-29 03:42:13.000,0.06
2026-03-29 03:42:17.000,0.07
2026-03-29 03:42:25.000,0.01
2026-03-29 03:42:27.000,0
2026-03-29 03:43:01.000,0.04
2026-03-29 03:43:13.000,0
2026-03-29 03:44:45.000,0.04
2026-03-29 03:44:51.000,0.08
2026-03-29 03:44:55.000,0.05
2026-03-29 03:44:59.000,0.06
2026-03-29 03:45:03.000,0.04
2026-03-29 03:45:07.000,0.03
2026-03-29 03:45:11.000,0.01
2026-03-29 03:45:15.000,0
2026-03-29 03:45:53.000,0.02
2026-03-29 03:45:57.000,0.08
2026-03-29 03:46:01.000,0.13
2026-03-29 03:46:05.000,0.17
2026-03-29 03:46:09.000,0.14
2026-03-29 03:46:13.000,0.13
2026-03-29 03:46:17.000,0.21
2026-03-29 03:46:21.000,0.23
2026-03-29 03:46:25.000,0.21
2026-03-29 03:46:29.000,0.1
2026-03-29 03:46:33.000,0.06
2026-03-29 03:46:37.000,0.05
2026-03-29 03:46:41.000,0.03
2026-03-29 03:46:49.000,0.07
2026-03-29 03:46:51.000,0.08
2026-03-29 03:46:57.000,0.09
2026-03-29 03:47:01.000,0.1
2026-03-29 03:47:05.000,0.11
2026-03-29 03:47:09.000,0.12
2026-03-29 03:47:11.000,0.1
2026-03-29 03:47:15.000,0.09
2026-03-29 03:47:23.000,0.08
2026-03-29 03:47:27.000,0.07
2026-03-29 03:47:31.000,0.06
2026-03-29 03:47:35.000,0.04
2026-03-29 03:47:41.000,0.05
2026-03-29 03:47:45.000,0.04
2026-03-29 03:47:49.000,0.03
2026-03-29 03:47:53.000,0
2026-03-29 03:48:11.000,0.07
2026-03-29 03:48:15.000,0.17
2026-03-29 03:48:21.000,0.1
2026-03-29 03:48:25.000,0
2026-03-29 03:48:45.000,0.02
2026-03-29 03:48:53.000,0.01
2026-03-29 03:48:55.000,0
2026-03-29 03:48:59.000,0.01
2026-03-29 03:49:11.000,0
2026-03-29 03:52:33.000,0.02
2026-03-29 03:52:45.000,0
2026-03-29 03:53:07.000,0.01
2026-03-29 03:53:11.000,0
2026-03-29 03:53:19.000,0.01
2026-03-29 03:53:23.000,0.04
2026-03-29 03:53:31.000,0.03
2026-03-29 03:53:35.000,0
2026-03-29 03:54:15.000,0.03
2026-03-29 03:54:19.000,0.04
2026-03-29 03:54:23.000,0.08
2026-03-29 03:54:27.000,0.06
2026-03-29 03:54:33.000,0.02
2026-03-29 03:54:37.000,0
2026-03-29 03:54:51.000,0.02
2026-03-29 03:54:55.000,0.06
2026-03-29 03:54:59.000,0.12
2026-03-29 03:55:07.000,0.11
2026-03-29 03:55:11.000,0.06
2026-03-29 03:55:15.000,0.04
2026-03-29 03:55:19.000,0.02
2026-03-29 03:55:23.000,0
2026-03-29 03:56:09.000,0.01
2026-03-29 03:56:19.000,0
2026-03-29 03:56:45.000,0.03
2026-03-29 03:56:57.000,0.07
2026-03-29 03:56:59.000,0.08
2026-03-29 03:57:03.000,0.1
2026-03-29 03:57:07.000,0.04
2026-03-29 03:57:11.000,0.03
2026-03-29 03:57:15.000,0.02
2026-03-29 03:57:19.000,0
2026-03-29 03:57:27.000,0.03
2026-03-29 03:57:41.000,0
2026-03-29 03:57:55.000,0.01
2026-03-29 03:57:59.000,0.02
2026-03-29 03:58:07.000,0.01
2026-03-29 03:58:11.000,0
2026-03-29 03:59:09.000,0.03
2026-03-29 03:59:17.000,0.04
2026-03-29 03:59:21.000,0.02
2026-03-29 03:59:29.000,0.04
2026-03-29 03:59:39.000,0.01
2026-03-29 03:59:43.000,0
2026-03-29 03:59:51.000,0.03
2026-03-29 03:59:59.000,0
2026-03-29 04:00:43.000,0.01
2026-03-29 04:00:49.000,0
2026-03-29 04:01:05.000,0.02
2026-03-29 04:01:17.000,0.03
2026-03-29 04:01:21.000,0.06
2026-03-29 04:01:29.000,0.07
2026-03-29 04:01:33.000,0.15
2026-03-29 04:01:37.000,0.18
2026-03-29 04:01:39.000,0.14
2026-03-29 04:01:43.000,0.03
2026-03-29 04:01:47.000,0
2026-03-29 04:02:53.000,0.01
2026-03-29 04:03:05.000,0
2026-03-29 04:03:31.000,0.01
2026-03-29 04:03:47.000,0.04
2026-03-29 04:03:51.000,0.06
2026-03-29 04:03:55.000,0.07
2026-03-29 04:03:59.000,0.06
2026-03-29 04:04:05.000,0.04
2026-03-29 04:04:09.000,0.02
2026-03-29 04:04:13.000,0.01
2026-03-29 04:04:17.000,0
2026-03-29 04:06:39.000,0.01
2026-03-29 04:06:45.000,0.08
2026-03-29 04:06:49.000,0.06
2026-03-29 04:06:57.000,0
2026-03-29 04:07:05.000,0.05
2026-03-29 04:07:17.000,0
2026-03-29 04:08:17.000,0.03
2026-03-29 04:08:27.000,0.08
2026-03-29 04:08:31.000,0.11
2026-03-29 04:08:35.000,0.14
2026-03-29 04:08:39.000,0.08
2026-03-29 04:08:43.000,0.1
2026-03-29 04:08:47.000,0.08
2026-03-29 04:08:49.000,0.05
2026-03-29 04:08:53.000,0.01
2026-03-29 04:08:57.000,0
2026-03-29 04:09:09.000,0.01
2026-03-29 04:09:11.000,0.03
2026-03-29 04:09:15.000,0.04
2026-03-29 04:09:27.000,0.05
2026-03-29 04:09:31.000,0.04
2026-03-29 04:09:35.000,0.02
2026-03-29 04:09:39.000,0
2026-03-29 04:10:05.000,0.02
2026-03-29 04:10:21.000,0.06
2026-03-29 04:10:23.000,0.08
2026-03-29 04:10:31.000,0.07
2026-03-29 04:10:35.000,0.09
2026-03-29 04:10:39.000,0.08
2026-03-29 04:10:43.000,0.05
2026-03-29 04:10:47.000,0.01
2026-03-29 04:10:51.000,0
2026-03-29 04:10:53.000,0.02
2026-03-29 04:11:01.000,0.05
2026-03-29 04:11:05.000,0.02
2026-03-29 04:11:11.000,0
2026-03-29 04:11:19.000,0.01
2026-03-29 04:11:23.000,0.03
2026-03-29 04:11:25.000,0.02
2026-03-29 04:11:29.000,0.03
2026-03-29 04:11:35.000,0.05
2026-03-29 04:11:39.000,0.06
2026-03-29 04:11:51.000,0.05
2026-03-29 04:11:55.000,0.04
2026-03-29 04:12:01.000,0.05
2026-03-29 04:12:05.000,0.06
2026-03-29 04:12:09.000,0.07
2026-03-29 04:12:13.000,0.05
2026-03-29 04:12:17.000,0.02
2026-03-29 04:12:19.000,0
2026-03-29 04:13:25.000,0.06
2026-03-29 04:13:35.000,0
2026-03-29 04:13:47.000,0.03
2026-03-29 04:13:51.000,0.04
2026-03-29 04:13:55.000,0.05
2026-03-29 04:13:57.000,0.01
2026-03-29 04:14:01.000,0
2026-03-29 04:14:45.000,0.03
2026-03-29 04:14:55.000,0
2026-03-29 04:15:27.000,0.01
2026-03-29 04:15:39.000,0
2026-03-29 04:15:49.000,0.02
2026-03-29 04:16:01.000,0
2026-03-29 04:16:05.000,0.02
2026-03-29 04:16:15.000,0
2026-03-29 04:16:19.000,0.05
2026-03-29 04:16:23.000,0.06
2026-03-29 04:16:31.000,0.02
2026-03-29 04:16:35.000,0.04
2026-03-29 04:16:41.000,0.02
2026-03-29 04:16:45.000,0
2026-03-29 04:16:49.000,0.01
2026-03-29 04:16:59.000,0
2026-03-29 04:17:13.000,0.05
2026-03-29 04:17:23.000,0
2026-03-29 04:17:41.000,0.02
2026-03-29 04:17:51.000,0
2026-03-29 04:18:13.000,0.01
2026-03-29 04:18:23.000,0
2026-03-29 04:18:59.000,0.01
2026-03-29 04:19:11.000,0
2026-03-29 04:19:25.000,0.04
2026-03-29 04:19:31.000,0.06
2026-03-29 04:19:35.000,0.02
2026-03-29 04:19:41.000,0
2026-03-29 04:20:07.000,0.02
2026-03-29 04:20:15.000,0.03
2026-03-29 04:20:19.000,0
2026-03-29 04:20:59.000,0.01
2026-03-29 04:21:05.000,0
2026-03-29 04:22:03.000,0.03
2026-03-29 04:22:13.000,0
2026-03-29 04:22:27.000,0.04
2026-03-29 04:22:31.000,0.05
2026-03-29 04:22:39.000,0.01
2026-03-29 04:22:43.000,0
2026-03-29 04:23:41.000,0.04
2026-03-29 04:23:51.000,0
2026-03-29 04:24:09.000,0.01
2026-03-29 04:24:27.000,0.02
2026-03-29 04:24:31.000,0
2026-03-29 04:26:09.000,0.04
2026-03-29 04:26:19.000,0
2026-03-29 04:31:37.000,0.03
2026-03-29 04:31:49.000,0
2026-03-29 04:32:01.000,0.01
2026-03-29 04:32:11.000,0
2026-03-29 04:35:51.000,0.06
2026-03-29 04:36:03.000,0
2026-03-29 04:37:41.000,0.33
2026-03-29 04:37:51.000,0
2026-03-29 04:39:31.000,0.02
2026-03-29 04:39:43.000,0
2026-03-29 04:40:19.000,0
2026-03-29 05:01:56.000,0
2026-03-29 05:03:58.000,0.02
2026-03-29 05:04:12.000,0
2026-03-29 05:06:36.000,0.03
2026-03-29 05:06:46.000,0
2026-03-29 05:06:54.000,0.01
2026-03-29 05:07:02.000,0.02
2026-03-29 05:07:12.000,0.01
2026-03-29 05:07:16.000,0
2026-03-29 05:07:28.000,0.09
2026-03-29 05:07:32.000,0.2
2026-03-29 05:07:36.000,0.23
2026-03-29 05:07:40.000,0.19
2026-03-29 05:07:44.000,0.09
2026-03-29 05:07:48.000,0.06
2026-03-29 05:07:52.000,0.02
2026-03-29 05:07:56.000,0.01
2026-03-29 05:08:00.000,0
2026-03-29 05:08:08.000,0.06
2026-03-29 05:08:20.000,0
2026-03-29 05:08:24.000,0.01
2026-03-29 05:08:28.000,0.02
2026-03-29 05:08:32.000,0.04
2026-03-29 05:08:40.000,0.05
2026-03-29 05:08:46.000,0.06
2026-03-29 05:08:50.000,0.13
2026-03-29 05:08:56.000,0.14
2026-03-29 05:09:00.000,0.05
2026-03-29 05:09:04.000,0.03
2026-03-29 05:09:08.000,0.04
2026-03-29 05:09:12.000,0.08
2026-03-29 05:09:16.000,0.09
2026-03-29 05:09:20.000,0.06
2026-03-29 05:09:24.000,0.02
2026-03-29 05:09:28.000,0.01
2026-03-29 05:09:44.000,0.03
2026-03-29 05:09:48.000,0.08
2026-03-29 05:09:56.000,0.05
2026-03-29 05:10:00.000,0
2026-03-29 05:10:08.000,0.05
2026-03-29 05:10:12.000,0.07
2026-03-29 05:10:20.000,0.02
2026-03-29 05:10:24.000,0
2026-03-29 05:10:36.000,0.02
2026-03-29 05:10:48.000,0
2026-03-29 05:11:06.000,0.02
2026-03-29 05:11:18.000,0.03
2026-03-29 05:11:30.000,0.02
2026-03-29 05:11:34.000,0.03
2026-03-29 05:11:38.000,0.04
2026-03-29 05:11:42.000,0.08
2026-03-29 05:11:46.000,0.07
2026-03-29 05:11:50.000,0.06
2026-03-29 05:11:54.000,0
2026-03-29 05:12:02.000,0.01
2026-03-29 05:12:14.000,0
2026-03-29 05:12:20.000,0.02
2026-03-29 05:12:30.000,0
2026-03-29 05:13:20.000,0.05
2026-03-29 05:13:28.000,0.06
2026-03-29 05:13:32.000,0.05
2026-03-29 05:13:40.000,0.04
2026-03-29 05:13:44.000,0
2026-03-29 05:13:48.000,0.04
2026-03-29 05:14:02.000,0
2026-03-29 05:14:14.000,0.01
2026-03-29 05:14:26.000,0
2026-03-29 05:14:36.000,0.08
2026-03-29 05:14:46.000,0
2026-03-29 05:14:50.000,0.03
2026-03-29 05:14:58.000,0.07
2026-03-29 05:15:02.000,0.04
2026-03-29 05:15:06.000,0.11
2026-03-29 05:15:10.000,0.06
2026-03-29 05:15:14.000,0.09
2026-03-29 05:15:18.000,0.02
2026-03-29 05:15:28.000,0
2026-03-29 05:15:38.000,0.06
2026-03-29 05:15:44.000,0.07
2026-03-29 05:15:48.000,0.02
2026-03-29 05:15:56.000,0
2026-03-29 05:15:58.000,0.01
2026-03-29 05:16:08.000,0
2026-03-29 05:16:22.000,0.05
2026-03-29 05:16:32.000,0
2026-03-29 05:19:28.000,0.26
2026-03-29 05:19:40.000,0
2026-03-29 05:20:56.000,0.13
2026-03-29 05:21:06.000,0.17
2026-03-29 05:21:10.000,0.04
2026-03-29 05:21:18.000,0
2026-03-29 05:21:22.000,0.01
2026-03-29 05:21:34.000,0
2026-03-29 05:21:40.000,0.09
2026-03-29 05:21:44.000,0.1
2026-03-29 05:21:46.000,0.14
2026-03-29 05:21:50.000,0.05
2026-03-29 05:21:54.000,0.04
2026-03-29 05:21:58.000,0.05
2026-03-29 05:22:04.000,0.06
2026-03-29 05:22:06.000,0.07
2026-03-29 05:22:12.000,0.04
2026-03-29 05:22:16.000,0.02
2026-03-29 05:22:18.000,0.05
2026-03-29 05:22:22.000,0.03
2026-03-29 05:22:30.000,0
2026-03-29 05:22:44.000,0.01
2026-03-29 05:22:54.000,0
2026-03-29 05:23:02.000,0.04
2026-03-29 05:23:14.000,0
2026-03-29 05:23:44.000,0.12
2026-03-29 05:23:56.000,0
2026-03-29 05:24:00.000,0.08
2026-03-29 05:24:04.000,0.1
2026-03-29 05:24:08.000,0.09
2026-03-29 05:24:12.000,0.01
2026-03-29 05:24:16.000,0
2026-03-29 05:24:50.000,0.05
2026-03-29 05:25:04.000,0
2026-03-29 05:25:46.000,0.02
2026-03-29 05:25:50.000,0.05
2026-03-29 05:25:54.000,0.08
2026-03-29 05:26:00.000,0.05
2026-03-29 05:26:06.000,0.02
2026-03-29 05:26:10.000,0
2026-03-29 05:26:48.000,0.02
2026-03-29 05:27:02.000,0
2026-03-29 05:27:06.000,0.04
2026-03-29 05:27:18.000,0
2026-03-29 05:27:22.000,0.01
2026-03-29 05:27:24.000,0.02
2026-03-29 05:27:36.000,0.01
2026-03-29 05:27:40.000,0
2026-03-29 05:29:28.000,0.06
2026-03-29 05:29:40.000,0
2026-03-29 05:30:00.000,0.06
2026-03-29 05:30:08.000,0.11
2026-03-29 05:30:12.000,0.04
2026-03-29 05:30:20.000,0.01
2026-03-29 05:30:32.000,0
2026-03-29 05:30:48.000,0.06
2026-03-29 05:31:00.000,0.03
2026-03-29 05:31:04.000,0.07
2026-03-29 05:31:12.000,0.04
2026-03-29 05:31:16.000,0.02
2026-03-29 05:31:22.000,0.06
2026-03-29 05:31:30.000,0.03
2026-03-29 05:31:34.000,0
2026-03-29 05:31:42.000,0.03
2026-03-29 05:31:46.000,0.08
2026-03-29 05:31:54.000,0.05
2026-03-29 05:31:58.000,0.01
2026-03-29 05:32:06.000,0
2026-03-29 05:32:14.000,0.01
2026-03-29 05:32:20.000,0.02
2026-03-29 05:32:24.000,0.03
2026-03-29 05:32:32.000,0.04
2026-03-29 05:32:34.000,0.03
2026-03-29 05:32:40.000,0.02
2026-03-29 05:32:42.000,0
2026-03-29 05:32:58.000,0.01
2026-03-29 05:33:08.000,0.02
2026-03-29 05:33:12.000,0.03
2026-03-29 05:33:16.000,0.02
2026-03-29 05:33:20.000,0.04
2026-03-29 05:33:24.000,0.02
2026-03-29 05:33:32.000,0
2026-03-29 05:35:22.000,0.03
2026-03-29 05:35:34.000,0
2026-03-29 05:36:18.000,0.11
2026-03-29 05:36:26.000,0.17
2026-03-29 05:36:30.000,0.14
2026-03-29 05:36:36.000,0.21
2026-03-29 05:36:40.000,0.18
2026-03-29 05:36:44.000,0.11
2026-03-29 05:36:48.000,0.04
2026-03-29 05:36:52.000,0.03
2026-03-29 05:36:54.000,0.02
2026-03-29 05:36:58.000,0.18
2026-03-29 05:37:02.000,0.16
2026-03-29 05:37:06.000,0.24
2026-03-29 05:37:10.000,0.09
2026-03-29 05:37:18.000,0.02
2026-03-29 05:37:28.000,0.01
2026-03-29 05:37:32.000,0
2026-03-29 05:37:50.000,0.08
2026-03-29 05:38:02.000,0.01
2026-03-29 05:38:16.000,0
2026-03-29 05:38:30.000,0.18
2026-03-29 05:38:34.000,0.19
2026-03-29 05:38:38.000,0.2
2026-03-29 05:38:42.000,0.04
2026-03-29 05:38:50.000,0.05
2026-03-29 05:38:58.000,0.04
2026-03-29 05:39:06.000,0.02
2026-03-29 05:39:14.000,0
2026-03-29 05:39:18.000,0.04
2026-03-29 05:39:26.000,0.05
2026-03-29 05:39:30.000,0
2026-03-29 05:39:34.000,0.14
2026-03-29 05:39:38.000,0.15
2026-03-29 05:39:42.000,0.35
2026-03-29 05:39:46.000,0.23
2026-03-29 05:39:50.000,0.22
2026-03-29 05:39:54.000,0.03
2026-03-29 05:39:58.000,0.01
2026-03-29 05:40:02.000,0
2026-03-29 05:40:14.000,0.04
2026-03-29 05:40:28.000,0.01
2026-03-29 05:40:32.000,0.03
2026-03-29 05:40:36.000,0.04
2026-03-29 05:40:40.000,0.03
2026-03-29 05:40:44.000,0.01
2026-03-29 05:40:48.000,0
2026-03-29 05:40:52.000,0.04
2026-03-29 05:41:04.000,0.09
2026-03-29 05:41:08.000,0.1
2026-03-29 05:41:12.000,0.12
2026-03-29 05:41:16.000,0.05
2026-03-29 05:41:24.000,0.03
2026-03-29 05:41:32.000,0.08
2026-03-29 05:41:36.000,0.11
2026-03-29 05:41:40.000,0.13
2026-03-29 05:41:44.000,0.09
2026-03-29 05:41:50.000,0.08
2026-03-29 05:41:58.000,0.06
2026-03-29 05:42:02.000,0.04
2026-03-29 05:42:06.000,0.02
2026-03-29 05:42:10.000,0.01
2026-03-29 05:42:18.000,0
2026-03-29 05:42:34.000,0.09
2026-03-29 05:42:44.000,0
2026-03-29 05:43:00.000,0.01
2026-03-29 05:43:04.000,0.02
2026-03-29 05:43:12.000,0.01
2026-03-29 05:43:16.000,0
2026-03-29 05:43:48.000,0.01
2026-03-29 05:43:56.000,0
2026-03-29 05:44:04.000,0.02
2026-03-29 05:44:16.000,0
2026-03-29 05:45:38.000,0.12
2026-03-29 05:45:46.000,0.23
2026-03-29 05:45:50.000,0.1
2026-03-29 05:45:58.000,0
2026-03-29 05:46:02.000,0.12
2026-03-29 05:46:14.000,0
2026-03-29 05:46:22.000,0.06
2026-03-29 05:46:30.000,0.08
2026-03-29 05:46:34.000,0.03
2026-03-29 05:46:42.000,0.02
2026-03-29 05:46:48.000,0
2026-03-29 05:47:10.000,0.02
2026-03-29 05:47:14.000,0.04
2026-03-29 05:47:18.000,0.05
2026-03-29 05:47:22.000,0.03
2026-03-29 05:47:26.000,0.01
2026-03-29 05:47:30.000,0
2026-03-29 05:47:36.000,0.03
2026-03-29 05:47:48.000,0
2026-03-29 05:47:58.000,0.02
2026-03-29 05:48:06.000,0.03
2026-03-29 05:48:10.000,0.02
2026-03-29 05:48:14.000,0.07
2026-03-29 05:48:18.000,0.09
2026-03-29 05:48:22.000,0.08
2026-03-29 05:48:26.000,0.06
2026-03-29 05:48:30.000,0.03
2026-03-29 05:48:38.000,0
2026-03-29 05:48:58.000,0.01
2026-03-29 05:49:18.000,0.08
2026-03-29 05:49:22.000,0.1
2026-03-29 05:49:26.000,0.12
2026-03-29 05:49:30.000,0.13
2026-03-29 05:49:38.000,0.14
2026-03-29 05:49:42.000,0.09
2026-03-29 05:49:46.000,0.08
2026-03-29 05:49:50.000,0.07
2026-03-29 05:49:52.000,0.05
2026-03-29 05:49:58.000,0.03
2026-03-29 05:50:00.000,0.01
2026-03-29 05:50:08.000,0
2026-03-29 05:51:04.000,0.04
2026-03-29 05:51:16.000,0
2026-03-29 05:51:38.000,0.13
2026-03-29 05:51:48.000,0
2026-03-29 05:53:50.000,0.02
2026-03-29 05:54:02.000,0.03
2026-03-29 05:54:38.000,0
2026-03-29 05:56:14.000,0.02
2026-03-29 05:56:22.000,0.06
2026-03-29 05:56:26.000,0.05
2026-03-29 05:56:34.000,0.01
2026-03-29 05:56:40.000,0
2026-03-29 05:59:02.000,0.08
2026-03-29 05:59:14.000,0
2026-03-29 05:59:36.000,0.02
2026-03-29 05:59:44.000,0.04
2026-03-29 05:59:50.000,0.01
2026-03-29 05:59:58.000,0.02
2026-03-29 06:00:14.000,0
2026-03-29 06:01:50.000,0.07
2026-03-29 06:01:54.000,0.12
2026-03-29 06:01:58.000,0.13
2026-03-29 06:02:02.000,0.12
2026-03-29 06:02:06.000,0.09
2026-03-29 06:02:10.000,0.1
2026-03-29 06:02:14.000,0.07
2026-03-29 06:02:20.000,0.05
2026-03-29 06:02:24.000,0.02
2026-03-29 06:02:30.000,0
2026-03-29 06:02:48.000,0.06
2026-03-29 06:02:52.000,0.09
2026-03-29 06:02:56.000,0.12
2026-03-29 06:03:04.000,0.09
2026-03-29 06:03:08.000,0.07
2026-03-29 06:03:12.000,0
2026-03-29 06:03:26.000,0.03
2026-03-29 06:03:52.000,0.02
2026-03-29 06:04:04.000,0
2026-03-29 06:04:14.000,0.01
2026-03-29 06:04:18.000,0.06
2026-03-29 06:04:22.000,0.08
2026-03-29 06:04:26.000,0.09
2026-03-29 06:04:34.000,0.07
2026-03-29 06:04:38.000,0.06
2026-03-29 06:04:42.000,0.08
2026-03-29 06:04:52.000,0.11
2026-03-29 06:04:56.000,0.09
2026-03-29 06:05:00.000,0.08
2026-03-29 06:05:06.000,0.16
2026-03-29 06:05:10.000,0.14
2026-03-29 06:05:14.000,0.12
2026-03-29 06:05:20.000,0
2026-03-29 06:06:16.000,0.03
2026-03-29 06:06:24.000,0.06
2026-03-29 06:06:30.000,0.03
2026-03-29 06:06:38.000,0
2026-03-29 06:08:04.000,0.12
2026-03-29 06:08:16.000,0.01
2026-03-29 06:08:26.000,0.04
2026-03-29 06:08:32.000,0.02
2026-03-29 06:08:42.000,0
2026-03-29 06:09:10.000,0.01
2026-03-29 06:09:38.000,0
2026-03-29 06:10:12.000,0.03
2026-03-29 06:10:16.000,0.07
2026-03-29 06:10:20.000,0.08
2026-03-29 06:10:24.000,0.05
2026-03-29 06:10:26.000,0
2026-03-29 06:11:26.000,0.07
2026-03-29 06:11:32.000,0.13
2026-03-29 06:11:40.000,0.05
2026-03-29 06:11:44.000,0
2026-03-29 06:11:48.000,0.08
2026-03-29 06:11:58.000,0.07
2026-03-29 06:12:02.000,0
2026-03-29 06:12:36.000,0.04
2026-03-29 06:12:50.000,0.06
2026-03-29 06:12:56.000,0.07
2026-03-29 06:13:04.000,0
2026-03-29 06:13:32.000,0.04
2026-03-29 06:13:42.000,0.05
2026-03-29 06:13:46.000,0
2026-03-29 06:13:50.000,0.07
2026-03-29 06:13:54.000,0.13
2026-03-29 06:14:04.000,0.06
2026-03-29 06:14:10.000,0
2026-03-29 06:14:38.000,0.05
2026-03-29 06:14:46.000,0.14
2026-03-29 06:14:50.000,0.08
2026-03-29 06:14:54.000,0.18
2026-03-29 06:14:58.000,0.11
2026-03-29 06:15:02.000,0.12
2026-03-29 06:15:06.000,0.03
2026-03-29 06:15:30.000,0.04
2026-03-29 06:15:34.000,0.06
2026-03-29 06:15:40.000,0.09
2026-03-29 06:15:58.000,0.06
2026-03-29 06:16:04.000,0.05
2026-03-29 06:16:10.000,0.01
2026-03-29 06:16:20.000,0
2026-03-29 06:17:12.000,0.06
2026-03-29 06:17:30.000,0
2026-03-29 06:18:36.000,0.01
2026-03-29 06:18:46.000,0
2026-03-29 06:20:40.000,0.09
2026-03-29 06:20:52.000,0
2026-03-29 06:22:52.000,0.17
2026-03-29 06:23:04.000,0
2026-03-29 06:25:50.000,0.01
2026-03-29 06:26:04.000,0
2026-03-29 06:31:20.000,0.03
2026-03-29 06:31:24.000,0.04
2026-03-29 06:31:38.000,0.03
2026-03-29 06:31:42.000,0.08
2026-03-29 06:31:46.000,0.07
2026-03-29 06:32:18.000,0
2026-03-29 06:37:10.000,0.02
2026-03-29 06:37:26.000,0
2026-03-29 06:41:00.000,0.11
2026-03-29 06:41:04.000,0.21
2026-03-29 06:41:12.000,0.19
2026-03-29 06:41:18.000,0.09
2026-03-29 06:41:26.000,0
2026-03-29 06:41:54.000,0.19
2026-03-29 06:41:58.000,0.29
2026-03-29 06:42:06.000,0.11
2026-03-29 06:42:10.000,0.03
2026-03-29 06:42:14.000,0.22
2026-03-29 06:42:18.000,0.23
2026-03-29 06:42:38.000,0.21
2026-03-29 06:42:42.000,0.01
2026-03-29 06:42:46.000,0
2026-03-29 06:43:04.000,0.01
2026-03-29 06:43:18.000,0
2026-03-29 06:43:28.000,0.05
2026-03-29 06:43:32.000,0.16
2026-03-29 06:43:36.000,0.15
2026-03-29 06:43:40.000,0.1
2026-03-29 06:43:44.000,0
2026-03-29 06:44:26.000,0.24
2026-03-29 06:44:30.000,0.28
2026-03-29 06:44:34.000,0.29
2026-03-29 06:44:38.000,0.06
2026-03-29 06:44:42.000,0.12
2026-03-29 06:44:44.000,0.14
2026-03-29 06:44:52.000,0.13
2026-03-29 06:44:54.000,0.02
2026-03-29 06:44:58.000,0.03
2026-03-29 06:45:02.000,0.04
2026-03-29 06:45:06.000,0.07
2026-03-29 06:45:14.000,0.1
2026-03-29 06:45:18.000,0.25
2026-03-29 06:45:22.000,0.24
2026-03-29 06:45:26.000,0.37
2026-03-29 06:45:28.000,0.33
2026-03-29 06:45:32.000,0.35
2026-03-29 06:45:36.000,0.17
2026-03-29 06:45:40.000,0.23
2026-03-29 06:45:44.000,0.19
2026-03-29 06:45:48.000,0.27
2026-03-29 06:45:52.000,0.21
2026-03-29 06:45:56.000,0.28
2026-03-29 06:46:00.000,0.36
2026-03-29 06:46:04.000,0.23
2026-03-29 06:46:08.000,0.16
2026-03-29 06:46:12.000,0.01
2026-03-29 06:46:14.000,0.03
2026-03-29 06:46:22.000,0.02
2026-03-29 06:46:24.000,0
2026-03-29 06:46:32.000,0.13
2026-03-29 06:46:38.000,0.12
2026-03-29 06:46:40.000,0
2026-03-29 06:46:44.000,0.01
2026-03-29 06:46:48.000,0.03
2026-03-29 06:46:54.000,0.01
2026-03-29 06:46:58.000,0
2026-03-29 06:47:08.000,0.01
2026-03-29 06:47:14.000,0.09
2026-03-29 06:47:18.000,0.08
2026-03-29 06:47:26.000,0.09
2026-03-29 06:47:32.000,0.21
2026-03-29 06:47:36.000,0.11
2026-03-29 06:47:44.000,0
2026-03-29 06:47:56.000,0.09
2026-03-29 06:48:02.000,0.08
2026-03-29 06:48:04.000,0
2026-03-29 06:48:08.000,0.05
2026-03-29 06:48:18.000,0
2026-03-29 06:48:20.000,0.1
2026-03-29 06:48:30.000,0
2026-03-29 06:48:38.000,0.1
2026-03-29 06:48:46.000,0.11
2026-03-29 06:48:50.000,0.02
2026-03-29 06:48:56.000,0.01
2026-03-29 06:49:00.000,0
2026-03-29 06:49:10.000,0.06
2026-03-29 06:49:16.000,0.15
2026-03-29 06:49:26.000,0.08
2026-03-29 06:49:28.000,0
2026-03-29 06:49:38.000,0.01
2026-03-29 06:49:42.000,0.02
2026-03-29 06:50:00.000,0.01
2026-03-29 06:50:04.000,0
2026-03-29 06:50:08.000,0.01
2026-03-29 06:50:20.000,0
2026-03-29 06:50:52.000,0.03
2026-03-29 06:50:58.000,0.14
2026-03-29 06:51:02.000,0.11
2026-03-29 06:51:06.000,0.2
2026-03-29 06:51:08.000,0.1
2026-03-29 06:51:12.000,0.08
2026-03-29 06:51:14.000,0
2026-03-29 06:51:18.000,0.01
2026-03-29 06:51:22.000,0.02
2026-03-29 06:51:28.000,0
2026-03-29 06:51:42.000,0.06
2026-03-29 06:51:48.000,0.17
2026-03-29 06:51:52.000,0.11
2026-03-29 06:51:54.000,0.27
2026-03-29 06:51:58.000,0.16
2026-03-29 06:52:06.000,0
2026-03-29 06:52:10.000,0.01
2026-03-29 06:52:14.000,0.12
2026-03-29 06:52:20.000,0.11
2026-03-29 06:52:24.000,0.2
2026-03-29 06:52:28.000,0.22
2026-03-29 06:52:34.000,0.25
2026-03-29 06:52:38.000,0.09
2026-03-29 06:52:42.000,0.11
2026-03-29 06:52:46.000,0.12
2026-03-29 06:52:50.000,0.14
2026-03-29 06:52:54.000,0.12
2026-03-29 06:53:00.000,0.07
2026-03-29 06:53:02.000,0.12
2026-03-29 06:53:08.000,0.21
2026-03-29 06:53:12.000,0.26
2026-03-29 06:53:16.000,0.28
2026-03-29 06:53:20.000,0.2
2026-03-29 06:53:22.000,0.16
2026-03-29 06:53:26.000,0.06
2026-03-29 06:53:30.000,0.09
2026-03-29 06:53:34.000,0.08
2026-03-29 06:53:38.000,0.1
2026-03-29 06:53:42.000,0.06
2026-03-29 06:53:46.000,0.07
2026-03-29 06:53:50.000,0.03
2026-03-29 06:53:54.000,0.01
2026-03-29 06:54:00.000,0
2026-03-29 06:54:22.000,0.05
2026-03-29 06:54:34.000,0
2026-03-29 06:54:44.000,0.05
2026-03-29 06:54:46.000,0.17
2026-03-29 06:54:54.000,0.12
2026-03-29 06:54:58.000,0
2026-03-29 06:55:08.000,0.03
2026-03-29 06:55:14.000,0.05
2026-03-29 06:55:16.000,0.04
2026-03-29 06:55:20.000,0.06
2026-03-29 06:55:24.000,0.04
2026-03-29 06:55:28.000,0.17
2026-03-29 06:55:32.000,0.14
2026-03-29 06:55:36.000,0.24
2026-03-29 06:55:40.000,0.14
2026-03-29 06:55:44.000,0.16
2026-03-29 06:55:46.000,0.09
2026-03-29 06:55:50.000,0.06
2026-03-29 06:55:54.000,0.1
2026-03-29 06:55:58.000,0.09
2026-03-29 06:56:02.000,0.12
2026-03-29 06:56:06.000,0.05
2026-03-29 06:56:10.000,0.08
2026-03-29 06:56:14.000,0.12
2026-03-29 06:56:18.000,0.16
2026-03-29 06:56:22.000,0.1
2026-03-29 06:56:24.000,0.03
2026-03-29 06:56:28.000,0
2026-03-29 06:56:40.000,0.05
2026-03-29 06:56:46.000,0.1
2026-03-29 06:56:50.000,0.05
2026-03-29 06:56:52.000,0.09
2026-03-29 06:56:56.000,0.04
2026-03-29 06:57:02.000,0.01
2026-03-29 06:57:12.000,0.02
2026-03-29 06:57:16.000,0.01
2026-03-29 06:57:28.000,0.22
2026-03-29 06:57:38.000,0
2026-03-29 06:57:42.000,0.1
2026-03-29 06:57:52.000,0.01
2026-03-29 06:58:02.000,0
2026-03-29 06:58:06.000,0.04
2026-03-29 06:58:12.000,0.11
2026-03-29 06:58:14.000,0.12
2026-03-29 06:58:18.000,0.18
2026-03-29 06:58:22.000,0.11
2026-03-29 06:58:24.000,0.15
2026-03-29 06:58:28.000,0.08
2026-03-29 06:58:34.000,0.11
2026-03-29 06:58:42.000,0.14
2026-03-29 06:58:44.000,0.07
2026-03-29 06:58:48.000,0.06
2026-03-29 06:58:54.000,0.11
2026-03-29 06:59:00.000,0.13
2026-03-29 06:59:04.000,0.06
2026-03-29 06:59:12.000,0
2026-03-29 06:59:28.000,0.07
2026-03-29 06:59:36.000,0.08
2026-03-29 06:59:40.000,0.13
2026-03-29 06:59:44.000,0.05
2026-03-29 06:59:46.000,0.04
2026-03-29 06:59:48.000,0
2026-03-29 06:59:54.000,0.02
2026-03-29 07:00:00.000,0.16
2026-03-29 07:00:02.000,0.13
2026-03-29 07:00:08.000,0
2026-03-29 07:00:12.000,0.04
2026-03-29 07:00:14.000,0.08
2026-03-29 07:00:18.000,0.12
2026-03-29 07:00:24.000,0.13
2026-03-29 07:00:28.000,0.11
2026-03-29 07:00:30.000,0.06
2026-03-29 07:00:34.000,0.02
2026-03-29 07:00:38.000,0
2026-03-29 07:00:42.000,0.02
2026-03-29 07:00:48.000,0.03
2026-03-29 07:00:50.000,0.04
2026-03-29 07:00:54.000,0.02
2026-03-29 07:00:58.000,0.01
2026-03-29 07:01:00.000,0
2026-03-29 07:01:36.000,0.03
2026-03-29 07:01:42.000,0.1
2026-03-29 07:01:46.000,0.06
2026-03-29 07:01:48.000,0.14
2026-03-29 07:01:52.000,0.08
2026-03-29 07:02:00.000,0.04
2026-03-29 07:02:04.000,0.08
2026-03-29 07:02:06.000,0.25
2026-03-29 07:02:10.000,0.21
2026-03-29 07:02:14.000,0.23
2026-03-29 07:02:16.000,0.06
2026-03-29 07:02:24.000,0.1
2026-03-29 07:02:38.000,0
2026-03-29 07:02:42.000,0.02
2026-03-29 07:02:54.000,0.26
2026-03-29 07:03:02.000,0.24
2026-03-29 07:03:06.000,0.26
2026-03-29 07:03:10.000,0.06
2026-03-29 07:03:16.000,0.07
2026-03-29 07:03:20.000,0.05
2026-03-29 07:03:24.000,0.02
2026-03-29 07:03:28.000,0
2026-03-29 07:03:40.000,0.03
2026-03-29 07:03:52.000,0.01
2026-03-29 07:04:04.000,0
2026-03-29 07:04:08.000,0.15
2026-03-29 07:04:16.000,0.23
2026-03-29 07:04:20.000,0.19
2026-03-29 07:04:24.000,0.21
2026-03-29 07:04:30.000,0.14
2026-03-29 07:04:34.000,0.02
2026-03-29 07:04:38.000,0.01
2026-03-29 07:04:42.000,0
2026-03-29 07:04:46.000,0.11
2026-03-29 07:04:54.000,0.15
2026-03-29 07:05:00.000,0.03
2026-03-29 07:05:06.000,0
2026-03-29 07:05:14.000,0.05
2026-03-29 07:05:26.000,0
2026-03-29 07:05:54.000,0.01
2026-03-29 07:05:58.000,0.12
2026-03-29 07:06:04.000,0.18
2026-03-29 07:06:06.000,0.23
2026-03-29 07:06:10.000,0.33
2026-03-29 07:06:14.000,0.3
2026-03-29 07:06:18.000,0.23
2026-03-29 07:06:22.000,0.13
2026-03-29 07:06:24.000,0.09
2026-03-29 07:06:28.000,0
2026-03-29 07:06:48.000,0.07
2026-03-29 07:07:02.000,0
2026-03-29 07:07:20.000,0.15
2026-03-29 07:07:28.000,0.18
2026-03-29 07:07:46.000,0.08
2026-03-29 07:07:54.000,0.05
2026-03-29 07:07:58.000,0
2026-03-29 07:08:12.000,0.02
2026-03-29 07:08:18.000,0.14
2026-03-29 07:08:22.000,0.11
2026-03-29 07:08:24.000,0.29
2026-03-29 07:08:28.000,0.17
2026-03-29 07:08:34.000,0
2026-03-29 07:08:46.000,0.01
2026-03-29 07:08:50.000,0.02
2026-03-29 07:08:54.000,0.06
2026-03-29 07:08:58.000,0.1
2026-03-29 07:09:02.000,0.12
2026-03-29 07:09:06.000,0.1
2026-03-29 07:09:10.000,0.08
2026-03-29 07:09:14.000,0.04
2026-03-29 07:09:22.000,0.01
2026-03-29 07:09:32.000,0
2026-03-29 07:09:36.000,0.1
2026-03-29 07:09:38.000,0.23
2026-03-29 07:09:42.000,0.26
2026-03-29 07:09:46.000,0.17
2026-03-29 07:09:50.000,0.05
2026-03-29 07:09:54.000,0.06
2026-03-29 07:09:58.000,0.09
2026-03-29 07:10:02.000,0.11
2026-03-29 07:10:06.000,0.12
2026-03-29 07:10:10.000,0.08
2026-03-29 07:10:14.000,0.04
2026-03-29 07:10:22.000,0
2026-03-29 07:10:34.000,0.04
2026-03-29 07:10:38.000,0.08
2026-03-29 07:10:44.000,0.04
2026-03-29 07:10:48.000,0.06
2026-03-29 07:10:54.000,0
2026-03-29 07:11:18.000,0.02
2026-03-29 07:11:32.000,0
2026-03-29 07:13:10.000,0.14
2026-03-29 07:13:20.000,0
2026-03-29 07:13:34.000,0.01
2026-03-29 07:13:38.000,0.05
2026-03-29 07:13:42.000,0.06
2026-03-29 07:13:46.000,0.13
2026-03-29 07:13:48.000,0.16
2026-03-29 07:13:52.000,0.17
2026-03-29 07:13:56.000,0.22
2026-03-29 07:13:58.000,0.16
2026-03-29 07:14:02.000,0.13
2026-03-29 07:14:06.000,0.19
2026-03-29 07:14:18.000,0
2026-03-29 07:14:34.000,0.07
2026-03-29 07:14:38.000,0.11
2026-03-29 07:14:42.000,0.13
2026-03-29 07:14:46.000,0.09
2026-03-29 07:14:54.000,0.12
2026-03-29 07:14:56.000,0.08
2026-03-29 07:15:00.000,0.04
2026-03-29 07:15:04.000,0
2026-03-29 07:15:38.000,0.07
2026-03-29 07:15:50.000,0.01
2026-03-29 07:15:54.000,0.02
2026-03-29 07:15:58.000,0.03
2026-03-29 07:16:00.000,0.09
2026-03-29 07:16:32.000,0.08
2026-03-29 07:16:36.000,0.07
2026-03-29 07:16:40.000,0
2026-03-29 07:16:48.000,0.17
2026-03-29 07:16:56.000,0.31
2026-03-29 07:16:58.000,0.13
2026-03-29 07:17:04.000,0.21
2026-03-29 07:17:08.000,0.08
2026-03-29 07:17:14.000,0
2026-03-29 07:17:30.000,0.06
2026-03-29 07:17:34.000,0.15
2026-03-29 07:17:42.000,0.09
2026-03-29 07:18:00.000,0.07
2026-03-29 07:18:10.000,0
2026-03-29 07:18:48.000,0.01
2026-03-29 07:18:52.000,0.03
2026-03-29 07:18:56.000,0.04
2026-03-29 07:19:00.000,0.03
2026-03-29 07:19:04.000,0
2026-03-29 07:20:14.000,0.15
2026-03-29 07:20:26.000,0
2026-03-29 07:21:34.000,0.08
2026-03-29 07:21:46.000,0
2026-03-29 07:21:52.000,0.01
2026-03-29 07:22:06.000,0
2026-03-29 07:22:18.000,0.04
2026-03-29 07:22:22.000,0.2
2026-03-29 07:22:26.000,0.23
2026-03-29 07:22:28.000,0.19
2026-03-29 07:22:32.000,0.12
2026-03-29 07:22:36.000,0.1
2026-03-29 07:22:42.000,0.12
2026-03-29 07:22:50.000,0.14
2026-03-29 07:22:52.000,0.16
2026-03-29 07:22:58.000,0.09
2026-03-29 07:23:02.000,0.06
2026-03-29 07:23:04.000,0.03
2026-03-29 07:23:08.000,0.01
2026-03-29 07:23:18.000,0
2026-03-29 07:23:44.000,0.01
2026-03-29 07:23:48.000,0.02
2026-03-29 07:23:56.000,0
2026-03-29 07:25:16.000,0.01
2026-03-29 07:25:20.000,0.02
2026-03-29 07:25:30.000,0
2026-03-29 07:25:58.000,0.1
2026-03-29 07:26:18.000,0
2026-03-29 07:26:22.000,0.01
2026-03-29 07:26:28.000,0.04
2026-03-29 07:26:34.000,0.17
2026-03-29 07:26:36.000,0.13
2026-03-29 07:26:42.000,0
2026-03-29 07:27:02.000,0.11
2026-03-29 07:27:14.000,0
2026-03-29 07:27:22.000,0.01
2026-03-29 07:27:34.000,0.05
2026-03-29 07:27:40.000,0.11
2026-03-29 07:27:44.000,0.16
2026-03-29 07:28:14.000,0.05
2026-03-29 07:28:22.000,0
2026-03-29 07:28:52.000,0.1
2026-03-29 07:29:04.000,0
2026-03-29 07:29:12.000,0.09
2026-03-29 07:29:16.000,0.1
2026-03-29 07:29:20.000,0.13
2026-03-29 07:29:24.000,0.04
2026-03-29 07:29:28.000,0.05
2026-03-29 07:29:32.000,0.03
2026-03-29 07:29:36.000,0.05
2026-03-29 07:29:44.000,0.04
2026-03-29 07:29:46.000,0.02
2026-03-29 07:29:50.000,0.01
2026-03-29 07:30:02.000,0.1
2026-03-29 07:30:08.000,0.12
2026-03-29 07:30:12.000,0.02
2026-03-29 07:30:18.000,0
2026-03-29 07:30:46.000,0.05
2026-03-29 07:31:08.000,0.04
2026-03-29 07:31:10.000,0.14
2026-03-29 07:31:20.000,0.09
2026-03-29 07:31:24.000,0
2026-03-29 07:31:32.000,0.19
2026-03-29 07:31:38.000,0.39
2026-03-29 07:31:50.000,0.44
2026-03-29 07:31:52.000,0.4
2026-03-29 07:31:56.000,0.25
2026-03-29 07:32:00.000,0.31
2026-03-29 07:32:04.000,0.2
2026-03-29 07:32:08.000,0.17
2026-03-29 07:32:12.000,0.13
2026-03-29 07:32:16.000,0.08
2026-03-29 07:32:18.000,0.05
2026-03-29 07:32:24.000,0.04
2026-03-29 07:32:28.000,0.05
2026-03-29 07:32:32.000,0.08
2026-03-29 07:32:36.000,0.04
2026-03-29 07:32:40.000,0.03
2026-03-29 07:32:44.000,0
2026-03-29 07:33:10.000,0.02
2026-03-29 07:33:14.000,0.07
2026-03-29 07:33:22.000,0.04
2026-03-29 07:33:26.000,0
2026-03-29 07:33:30.000,0.03
2026-03-29 07:33:34.000,0.06
2026-03-29 07:33:36.000,0.09
2026-03-29 07:33:40.000,0.05
2026-03-29 07:33:44.000,0.02
2026-03-29 07:33:48.000,0
2026-03-29 07:34:10.000,0.03
2026-03-29 07:34:20.000,0
2026-03-29 07:34:28.000,0.01
2026-03-29 07:34:32.000,0.03
2026-03-29 07:34:36.000,0.05
2026-03-29 07:34:54.000,0.06
2026-03-29 07:35:02.000,0.07
2026-03-29 07:35:10.000,0.06
2026-03-29 07:35:14.000,0.04
2026-03-29 07:35:18.000,0.02
2026-03-29 07:35:24.000,0.08
2026-03-29 07:35:28.000,0.09
2026-03-29 07:35:36.000,0.02
2026-03-29 07:35:46.000,0.01
2026-03-29 07:35:50.000,0
2026-03-29 07:35:54.000,0.15
2026-03-29 07:35:58.000,0.14
2026-03-29 07:36:02.000,0.18
2026-03-29 07:36:06.000,0.05
2026-03-29 07:36:10.000,0.07
2026-03-29 07:36:14.000,0.05
2026-03-29 07:36:18.000,0.06
2026-03-29 07:36:22.000,0.05
2026-03-29 07:36:30.000,0.02
2026-03-29 07:36:38.000,0.01
2026-03-29 07:36:42.000,0
2026-03-29 07:39:18.000,0.15
2026-03-29 07:39:54.000,0
2026-03-29 07:41:58.000,0.08
2026-03-29 07:42:08.000,0
2026-03-29 07:44:18.000,0.03
2026-03-29 07:44:34.000,0
2026-03-29 07:44:54.000,0.1
2026-03-29 07:45:02.000,0.22
2026-03-29 07:45:06.000,0.12
2026-03-29 07:45:14.000,0
2026-03-29 07:46:00.000,0.04
2026-03-29 07:46:14.000,0.11
2026-03-29 07:46:28.000,0
2026-03-29 07:46:44.000,0.01
2026-03-29 07:46:48.000,0.08
2026-03-29 07:46:52.000,0.09
2026-03-29 07:46:56.000,0.1
2026-03-29 07:46:58.000,0.03
2026-03-29 07:47:02.000,0.02
2026-03-29 07:47:08.000,0.01
2026-03-29 07:47:12.000,0.02
2026-03-29 07:47:16.000,0.01
2026-03-29 07:47:20.000,0
2026-03-29 07:47:24.000,0.05
2026-03-29 07:47:32.000,0.1
2026-03-29 07:47:36.000,0.06
2026-03-29 07:47:40.000,0.2
2026-03-29 07:47:44.000,0.15
2026-03-29 07:47:48.000,0.14
2026-03-29 07:47:52.000,0
2026-03-29 07:48:02.000,0.04
2026-03-29 07:48:06.000,0.06
2026-03-29 07:48:10.000,0.13
2026-03-29 07:48:16.000,0.1
2026-03-29 07:48:24.000,0.02
2026-03-29 07:48:28.000,0.01
2026-03-29 07:48:32.000,0
2026-03-29 07:48:44.000,0.08
2026-03-29 07:48:48.000,0.12
2026-03-29 07:48:52.000,0.13
2026-03-29 07:48:56.000,0.04
2026-03-29 07:49:02.000,0.02
2026-03-29 07:49:06.000,0.04
2026-03-29 07:49:10.000,0.01
2026-03-29 07:49:20.000,0
2026-03-29 07:49:28.000,0.03
2026-03-29 07:49:30.000,0.09
2026-03-29 07:49:34.000,0.12
2026-03-29 07:49:40.000,0.11
2026-03-29 07:49:44.000,0.23
2026-03-29 07:49:48.000,0.24
2026-03-29 07:49:52.000,0.25
2026-03-29 07:49:56.000,0.1
2026-03-29 07:50:00.000,0.08
2026-03-29 07:50:08.000,0.05
2026-03-29 07:50:12.000,0.02
2026-03-29 07:50:16.000,0.03
2026-03-29 07:50:20.000,0.19
2026-03-29 07:50:26.000,0.16
2026-03-29 07:50:30.000,0
2026-03-29 07:50:34.000,0.03
2026-03-29 07:50:38.000,0.05
2026-03-29 07:50:42.000,0.07
2026-03-29 07:50:46.000,0.06
2026-03-29 07:50:50.000,0.07
2026-03-29 07:50:54.000,0.05
2026-03-29 07:50:56.000,0.02
2026-03-29 07:51:00.000,0
2026-03-29 07:51:08.000,0.2
2026-03-29 07:51:14.000,0.25
2026-03-29 07:51:18.000,0.06
2026-03-29 07:51:22.000,0.1
2026-03-29 07:51:26.000,0.08
2026-03-29 07:51:30.000,0.12
2026-03-29 07:51:36.000,0.2
2026-03-29 07:51:40.000,0.24
2026-03-29 07:51:44.000,0.23
2026-03-29 07:51:48.000,0.13
2026-03-29 07:51:52.000,0.08
2026-03-29 07:51:56.000,0.13
2026-03-29 07:52:00.000,0.16
2026-03-29 07:52:04.000,0.19
2026-03-29 07:52:08.000,0.15
2026-03-29 07:52:14.000,0.1
2026-03-29 07:52:18.000,0.04
2026-03-29 07:52:22.000,0
2026-03-29 07:52:38.000,0.1
2026-03-29 07:52:50.000,0.05
2026-03-29 07:52:54.000,0.1
2026-03-29 07:52:56.000,0.1
