Timestamp_ET,LeakRate_Lpm
2026-03-24 20:23:12.000,7.2
2026-03-24 20:23:14.000,7.2
2026-03-24 20:23:14.000,12
2026-03-24 20:23:16.000,12
2026-03-24 20:23:16.000,19.2
2026-03-24 20:23:18.000,19.2
2026-03-24 20:23:18.000,9.6
2026-03-24 20:23:22.000,9.6
2026-03-24 20:23:22.000,14.4
2026-03-24 20:23:24.000,14.4
2026-03-24 20:23:24.000,10.8
2026-03-24 20:23:26.000,10.8
2026-03-24 20:23:26.000,9.6
2026-03-24 20:23:28.000,9.6
2026-03-24 20:23:28.000,13.2
2026-03-24 20:23:30.000,13.2
2026-03-24 20:23:30.000,10.8
2026-03-24 20:23:34.000,10.8
2026-03-24 20:23:34.000,12
2026-03-24 20:23:36.000,12
2026-03-24 20:23:36.000,8.4
2026-03-24 20:23:38.000,8.4
2026-03-24 20:23:38.000,3.6
2026-03-24 20:23:40.000,3.6
2026-03-24 20:23:40.000,7.2
2026-03-24 20:23:44.000,7.2
2026-03-24 20:23:44.000,8.4
2026-03-24 20:23:46.000,8.4
2026-03-24 20:23:46.000,18
2026-03-24 20:23:48.000,18
2026-03-24 20:23:48.000,7.2
2026-03-24 20:23:50.000,7.2
2026-03-24 20:23:50.000,2.4
2026-03-24 20:23:52.000,2.4
2026-03-24 20:23:52.000,9.6
2026-03-24 20:23:56.000,9.6
2026-03-24 20:23:56.000,4.8
2026-03-24 20:23:58.000,4.8
2026-03-24 20:23:58.000,6
2026-03-24 20:24:00.000,6
2026-03-24 20:24:00.000,7.2
2026-03-24 20:24:02.000,7.2
2026-03-24 20:24:02.000,4.8
2026-03-24 20:24:04.000,4.8
2026-03-24 20:24:04.000,7.2
2026-03-24 20:24:08.000,7.2
2026-03-24 20:24:08.000,8.4
2026-03-24 20:24:14.000,8.4
2026-03-24 20:24:14.000,9.6
2026-03-24 20:24:16.000,9.6
2026-03-24 20:24:16.000,10.8
2026-03-24 20:24:18.000,10.8
2026-03-24 20:24:18.000,9.6
2026-03-24 20:24:22.000,9.6
2026-03-24 20:24:22.000,8.4
2026-03-24 20:25:02.000,8.4
2026-03-24 20:25:02.000,6
2026-03-24 20:25:04.000,6
2026-03-24 20:25:04.000,8.4
2026-03-24 20:25:06.000,8.4
2026-03-24 20:25:06.000,9.6
2026-03-24 20:25:08.000,9.6
2026-03-24 20:25:08.000,8.4
2026-03-24 20:25:38.000,8.4
2026-03-24 20:25:38.000,7.2
2026-03-24 20:25:40.000,7.2
2026-03-24 20:25:40.000,8.4
2026-03-24 20:26:16.000,8.4
2026-03-24 20:26:16.000,7.2
2026-03-24 20:26:18.000,7.2
2026-03-24 20:26:18.000,10.8
2026-03-24 20:26:22.000,10.8
2026-03-24 20:26:22.000,9.6
2026-03-24 20:26:26.000,9.6
2026-03-24 20:26:26.000,7.2
2026-03-24 20:26:32.000,7.2
2026-03-24 20:26:32.000,8.4
2026-03-24 20:26:34.000,8.4
2026-03-24 20:26:34.000,7.2
2026-03-24 20:26:40.000,7.2
2026-03-24 20:26:40.000,8.4
2026-03-24 20:26:42.000,8.4
2026-03-24 20:26:42.000,7.2
2026-03-24 20:26:46.000,7.2
2026-03-24 20:26:46.000,8.4
2026-03-24 20:26:48.000,8.4
2026-03-24 20:26:48.000,10.8
2026-03-24 20:26:50.000,10.8
2026-03-24 20:26:50.000,9.6
2026-03-24 20:26:52.000,9.6
2026-03-24 20:26:52.000,8.4
2026-03-24 20:26:54.000,8.4
2026-03-24 20:26:54.000,7.2
2026-03-24 20:26:56.000,7.2
2026-03-24 20:26:56.000,6
2026-03-24 20:26:58.000,6
2026-03-24 20:26:58.000,7.2
2026-03-24 20:27:00.000,7.2
2026-03-24 20:27:00.000,8.4
2026-03-24 20:27:02.000,8.4
2026-03-24 20:27:02.000,10.8
2026-03-24 20:27:06.000,10.8
2026-03-24 20:27:06.000,9.6
2026-03-24 20:27:14.000,9.6
2026-03-24 20:27:14.000,8.4
2026-03-24 20:27:18.000,8.4
2026-03-24 20:27:18.000,13.2
2026-03-24 20:27:20.000,13.2
2026-03-24 20:27:20.000,14.4
2026-03-24 20:27:22.000,14.4
2026-03-24 20:27:22.000,9.6
2026-03-24 20:27:24.000,9.6
2026-03-24 20:27:24.000,8.4
2026-03-24 20:27:28.000,8.4
2026-03-24 20:27:28.000,7.2
2026-03-24 20:27:30.000,7.2
2026-03-24 20:27:30.000,3.6
2026-03-24 20:27:34.000,3.6
2026-03-24 20:27:34.000,4.8
2026-03-24 20:27:42.000,4.8
2026-03-24 20:27:42.000,6
2026-03-24 20:27:48.000,6
2026-03-24 20:27:48.000,7.2
2026-03-24 20:27:54.000,7.2
2026-03-24 20:27:54.000,8.4
2026-03-24 20:27:56.000,8.4
2026-03-24 20:27:56.000,7.2
2026-03-24 20:28:02.000,7.2
2026-03-24 20:28:02.000,6
2026-03-24 20:28:08.000,6
2026-03-24 20:28:08.000,7.2
2026-03-24 20:28:12.000,7.2
2026-03-24 20:28:12.000,8.4
2026-03-24 20:28:16.000,8.4
2026-03-24 20:28:16.000,9.6
2026-03-24 20:28:22.000,9.6
2026-03-24 20:28:22.000,8.4
2026-03-24 20:28:24.000,8.4
2026-03-24 20:28:24.000,7.2
2026-03-24 20:28:26.000,7.2
2026-03-24 20:28:26.000,9.6
2026-03-24 20:28:28.000,9.6
2026-03-24 20:28:28.000,8.4
2026-03-24 20:28:30.000,8.4
2026-03-24 20:28:30.000,9.6
2026-03-24 20:28:32.000,9.6
2026-03-24 20:28:32.000,7.2
2026-03-24 20:28:36.000,7.2
2026-03-24 20:28:36.000,8.4
2026-03-24 20:28:46.000,8.4
2026-03-24 20:28:46.000,7.2
2026-03-24 20:28:50.000,7.2
2026-03-24 20:28:50.000,8.4
2026-03-24 20:28:54.000,8.4
2026-03-24 20:28:54.000,7.2
2026-03-24 20:28:58.000,7.2
2026-03-24 20:28:58.000,8.4
2026-03-24 20:29:00.000,8.4
2026-03-24 20:29:00.000,9.6
2026-03-24 20:29:02.000,9.6
2026-03-24 20:29:02.000,10.8
2026-03-24 20:29:08.000,10.8
2026-03-24 20:29:08.000,9.6
2026-03-24 20:29:12.000,9.6
2026-03-24 20:29:12.000,10.8
2026-03-24 20:29:14.000,10.8
2026-03-24 20:29:14.000,13.2
2026-03-24 20:29:16.000,13.2
2026-03-24 20:29:16.000,9.6
2026-03-24 20:29:18.000,9.6
2026-03-24 20:29:18.000,6
2026-03-24 20:29:20.000,6
2026-03-24 20:29:20.000,10.8
2026-03-24 20:29:22.000,10.8
2026-03-24 20:29:22.000,8.4
2026-03-24 20:29:32.000,8.4
2026-03-24 20:29:32.000,7.2
2026-03-24 20:29:46.000,7.2
2026-03-24 20:29:46.000,8.4
2026-03-24 20:29:52.000,8.4
2026-03-24 20:29:52.000,7.2
2026-03-24 20:29:54.000,7.2
2026-03-24 20:29:54.000,8.4
2026-03-24 20:30:18.000,8.4
2026-03-24 20:30:18.000,7.2
2026-03-24 20:30:28.000,7.2
2026-03-24 20:30:28.000,8.4
2026-03-24 20:30:50.000,8.4
2026-03-24 20:30:50.000,9.6
2026-03-24 20:30:52.000,9.6
2026-03-24 20:30:52.000,7.2
2026-03-24 20:30:54.000,7.2
2026-03-24 20:30:54.000,9.6
2026-03-24 20:30:56.000,9.6
2026-03-24 20:30:56.000,8.4
2026-03-24 20:31:02.000,8.4
2026-03-24 20:31:02.000,7.2
2026-03-24 20:31:06.000,7.2
2026-03-24 20:31:06.000,9.6
2026-03-24 20:31:08.000,9.6
2026-03-24 20:31:08.000,6
2026-03-24 20:31:10.000,6
2026-03-24 20:31:10.000,7.2
2026-03-24 20:31:12.000,7.2
2026-03-24 20:31:12.000,6
2026-03-24 20:31:16.000,6
2026-03-24 20:31:16.000,7.2
2026-03-24 20:31:18.000,7.2
2026-03-24 20:31:18.000,6
2026-03-24 20:31:20.000,6
2026-03-24 20:31:20.000,7.2
2026-03-24 20:31:26.000,7.2
2026-03-24 20:31:26.000,8.4
2026-03-24 20:31:32.000,8.4
2026-03-24 20:31:32.000,7.2
2026-03-24 20:31:36.000,7.2
2026-03-24 20:31:36.000,8.4
2026-03-24 20:31:38.000,8.4
2026-03-24 20:31:38.000,7.2
2026-03-24 20:31:40.000,7.2
2026-03-24 20:31:40.000,4.8
2026-03-24 20:31:44.000,4.8
2026-03-24 20:31:44.000,3.6
2026-03-24 20:31:46.000,3.6
2026-03-24 20:31:46.000,6
2026-03-24 20:31:52.000,6
2026-03-24 20:31:52.000,7.2
2026-03-24 20:31:54.000,7.2
2026-03-24 20:31:54.000,8.4
2026-03-24 20:31:56.000,8.4
2026-03-24 20:31:56.000,7.2
2026-03-24 20:31:58.000,7.2
2026-03-24 20:31:58.000,8.4
2026-03-24 20:32:00.000,8.4
2026-03-24 20:32:00.000,7.2
2026-03-24 20:32:02.000,7.2
2026-03-24 20:32:02.000,8.4
2026-03-24 20:32:10.000,8.4
2026-03-24 20:32:10.000,7.2
2026-03-24 20:32:14.000,7.2
2026-03-24 20:32:14.000,8.4
2026-03-24 20:32:18.000,8.4
2026-03-24 20:32:18.000,7.2
2026-03-24 20:32:22.000,7.2
2026-03-24 20:32:22.000,8.4
2026-03-24 20:32:28.000,8.4
2026-03-24 20:32:28.000,9.6
2026-03-24 20:32:30.000,9.6
2026-03-24 20:32:30.000,7.2
2026-03-24 20:32:32.000,7.2
2026-03-24 20:32:32.000,4.8
2026-03-24 20:32:36.000,4.8
2026-03-24 20:32:36.000,7.2
2026-03-24 20:32:42.000,7.2
2026-03-24 20:32:42.000,8.4
2026-03-24 20:32:44.000,8.4
2026-03-24 20:32:44.000,7.2
2026-03-24 20:32:46.000,7.2
2026-03-24 20:32:46.000,8.4
2026-03-24 20:32:48.000,8.4
2026-03-24 20:32:48.000,6
2026-03-24 20:32:50.000,6
2026-03-24 20:32:50.000,7.2
2026-03-24 20:32:58.000,7.2
2026-03-24 20:32:58.000,8.4
2026-03-24 20:33:00.000,8.4
2026-03-24 20:33:00.000,7.2
2026-03-24 20:33:02.000,7.2
2026-03-24 20:33:02.000,8.4
2026-03-24 20:33:04.000,8.4
2026-03-24 20:33:04.000,7.2
2026-03-24 20:33:06.000,7.2
2026-03-24 20:33:06.000,8.4
2026-03-24 20:33:30.000,8.4
2026-03-24 20:33:30.000,7.2
2026-03-24 20:33:36.000,7.2
2026-03-24 20:33:36.000,8.4
2026-03-24 20:33:42.000,8.4
2026-03-24 20:33:42.000,9.6
2026-03-24 20:33:44.000,9.6
2026-03-24 20:33:44.000,8.4
2026-03-24 20:33:46.000,8.4
2026-03-24 20:33:46.000,7.2
2026-03-24 20:33:48.000,7.2
2026-03-24 20:33:48.000,8.4
2026-03-24 20:34:10.000,8.4
2026-03-24 20:34:10.000,7.2
2026-03-24 20:34:14.000,7.2
2026-03-24 20:34:14.000,8.4
2026-03-24 20:34:20.000,8.4
2026-03-24 20:34:20.000,7.2
2026-03-24 20:34:24.000,7.2
2026-03-24 20:34:24.000,8.4
2026-03-24 20:34:34.000,8.4
2026-03-24 20:34:34.000,7.2
2026-03-24 20:34:38.000,7.2
2026-03-24 20:34:38.000,8.4
2026-03-24 20:34:44.000,8.4
2026-03-24 20:34:44.000,7.2
2026-03-24 20:34:46.000,7.2
2026-03-24 20:34:46.000,8.4
2026-03-24 20:35:00.000,8.4
2026-03-24 20:35:00.000,7.2
2026-03-24 20:35:02.000,7.2
2026-03-24 20:35:02.000,8.4
2026-03-24 20:35:12.000,8.4
2026-03-24 20:35:12.000,7.2
2026-03-24 20:35:18.000,7.2
2026-03-24 20:35:18.000,8.4
2026-03-24 20:35:34.000,8.4
2026-03-24 20:35:34.000,14.4
2026-03-24 20:35:36.000,14.4
2026-03-24 20:35:36.000,6
2026-03-24 20:35:38.000,6
2026-03-24 20:35:38.000,2.4
2026-03-24 20:35:40.000,2.4
2026-03-24 20:35:40.000,1.2
2026-03-24 20:35:42.000,1.2
2026-03-24 20:35:42.000,2.4
2026-03-24 20:35:44.000,2.4
2026-03-24 20:35:44.000,3.6
2026-03-24 20:35:46.000,3.6
2026-03-24 20:35:46.000,4.8
2026-03-24 20:35:50.000,4.8
2026-03-24 20:35:50.000,6
2026-03-24 20:35:54.000,6
2026-03-24 20:35:54.000,9.6
2026-03-24 20:35:56.000,9.6
2026-03-24 20:35:56.000,3.6
2026-03-24 20:35:58.000,3.6
2026-03-24 20:35:58.000,8.4
2026-03-24 20:36:00.000,8.4
2026-03-24 20:36:00.000,4.8
2026-03-24 20:36:02.000,4.8
2026-03-24 20:36:02.000,7.2
2026-03-24 20:36:12.000,7.2
2026-03-24 20:36:12.000,8.4
2026-03-24 20:36:16.000,8.4
2026-03-24 20:36:16.000,7.2
2026-03-24 20:36:24.000,7.2
2026-03-24 20:36:24.000,9.6
2026-03-24 20:36:26.000,9.6
2026-03-24 20:36:26.000,7.2
2026-03-24 20:36:28.000,7.2
2026-03-24 20:36:28.000,8.4
2026-03-24 20:36:30.000,8.4
2026-03-24 20:36:30.000,7.2
2026-03-24 20:36:46.000,7.2
2026-03-24 20:36:46.000,8.4
2026-03-24 20:36:50.000,8.4
2026-03-24 20:36:50.000,7.2
2026-03-24 20:36:54.000,7.2
2026-03-24 20:36:54.000,8.4
2026-03-24 20:37:04.000,8.4
2026-03-24 20:37:04.000,7.2
2026-03-24 20:37:08.000,7.2
2026-03-24 20:37:08.000,8.4
2026-03-24 20:37:28.000,8.4
2026-03-24 20:37:28.000,9.6
2026-03-24 20:37:30.000,9.6
2026-03-24 20:37:30.000,10.8
2026-03-24 20:37:32.000,10.8
2026-03-24 20:37:32.000,8.4
2026-03-24 20:37:36.000,8.4
2026-03-24 20:37:36.000,7.2
2026-03-24 20:37:42.000,7.2
2026-03-24 20:37:42.000,8.4
2026-03-24 20:37:48.000,8.4
2026-03-24 20:37:48.000,7.2
2026-03-24 20:37:52.000,7.2
2026-03-24 20:37:52.000,6
2026-03-24 20:37:56.000,6
2026-03-24 20:37:56.000,7.2
2026-03-24 20:37:58.000,7.2
2026-03-24 20:37:58.000,8.4
2026-03-24 20:38:00.000,8.4
2026-03-24 20:38:00.000,7.2
2026-03-24 20:38:02.000,7.2
2026-03-24 20:38:02.000,9.6
2026-03-24 20:38:04.000,9.6
2026-03-24 20:38:04.000,8.4
2026-03-24 20:38:24.000,8.4
2026-03-24 20:38:24.000,7.2
2026-03-24 20:38:28.000,7.2
2026-03-24 20:38:28.000,8.4
2026-03-24 20:38:32.000,8.4
2026-03-24 20:38:32.000,7.2
2026-03-24 20:38:36.000,7.2
2026-03-24 20:38:36.000,8.4
2026-03-24 20:38:48.000,8.4
2026-03-24 20:38:48.000,7.2
2026-03-24 20:38:50.000,7.2
2026-03-24 20:38:50.000,8.4
2026-03-24 20:38:52.000,8.4
2026-03-24 20:38:52.000,7.2
2026-03-24 20:38:54.000,7.2
2026-03-24 20:38:54.000,6
2026-03-24 20:38:58.000,6
2026-03-24 20:38:58.000,7.2
2026-03-24 20:39:00.000,7.2
2026-03-24 20:39:00.000,12
2026-03-24 20:39:02.000,12
2026-03-24 20:39:02.000,6
2026-03-24 20:39:08.000,6
2026-03-24 20:39:08.000,4.8
2026-03-24 20:39:10.000,4.8
2026-03-24 20:39:10.000,7.2
2026-03-24 20:39:12.000,7.2
2026-03-24 20:39:12.000,13.2
2026-03-24 20:39:14.000,13.2
2026-03-24 20:39:14.000,7.2
2026-03-24 20:39:16.000,7.2
2026-03-24 20:39:16.000,2.4
2026-03-24 20:39:18.000,2.4
2026-03-24 20:39:18.000,3.6
2026-03-24 20:39:22.000,3.6
2026-03-24 20:39:22.000,4.8
2026-03-24 20:39:24.000,4.8
2026-03-24 20:39:24.000,6
2026-03-24 20:39:26.000,6
2026-03-24 20:39:26.000,7.2
2026-03-24 20:39:34.000,7.2
2026-03-24 20:39:34.000,6
2026-03-24 20:39:36.000,6
2026-03-24 20:39:36.000,7.2
2026-03-24 20:39:38.000,7.2
2026-03-24 20:39:38.000,8.4
2026-03-24 20:39:40.000,8.4
2026-03-24 20:39:40.000,7.2
2026-03-24 20:39:42.000,7.2
2026-03-24 20:39:42.000,6
2026-03-24 20:39:44.000,6
2026-03-24 20:39:44.000,8.4
2026-03-24 20:39:48.000,8.4
2026-03-24 20:39:48.000,6
2026-03-24 20:39:50.000,6
2026-03-24 20:39:50.000,8.4
2026-03-24 20:39:52.000,8.4
2026-03-24 20:39:52.000,6
2026-03-24 20:39:54.000,6
2026-03-24 20:39:54.000,7.2
2026-03-24 20:40:08.000,7.2
2026-03-24 20:40:08.000,8.4
2026-03-24 20:40:10.000,8.4
2026-03-24 20:40:10.000,7.2
2026-03-24 20:40:16.000,7.2
2026-03-24 20:40:16.000,9.6
2026-03-24 20:40:18.000,9.6
2026-03-24 20:40:18.000,7.2
2026-03-24 20:40:22.000,7.2
2026-03-24 20:40:22.000,6
2026-03-24 20:40:26.000,6
2026-03-24 20:40:26.000,7.2
2026-03-24 20:40:28.000,7.2
2026-03-24 20:40:28.000,8.4
2026-03-24 20:40:32.000,8.4
2026-03-24 20:40:32.000,9.6
2026-03-24 20:40:36.000,9.6
2026-03-24 20:40:36.000,8.4
2026-03-24 20:40:38.000,8.4
2026-03-24 20:40:38.000,7.2
2026-03-24 20:40:42.000,7.2
2026-03-24 20:40:42.000,8.4
2026-03-24 20:40:44.000,8.4
2026-03-24 20:40:44.000,9.6
2026-03-24 20:40:50.000,9.6
2026-03-24 20:40:50.000,7.2
2026-03-24 20:40:54.000,7.2
2026-03-24 20:40:54.000,8.4
2026-03-24 20:40:58.000,8.4
2026-03-24 20:40:58.000,7.2
2026-03-24 20:41:00.000,7.2
2026-03-24 20:41:00.000,8.4
2026-03-24 20:41:02.000,8.4
2026-03-24 20:41:02.000,9.6
2026-03-24 20:41:04.000,9.6
2026-03-24 20:41:04.000,8.4
2026-03-24 20:41:10.000,8.4
2026-03-24 20:41:10.000,7.2
2026-03-24 20:41:16.000,7.2
2026-03-24 20:41:16.000,8.4
2026-03-24 20:41:20.000,8.4
2026-03-24 20:41:20.000,9.6
2026-03-24 20:41:22.000,9.6
2026-03-24 20:41:22.000,7.2
2026-03-24 20:41:26.000,7.2
2026-03-24 20:41:26.000,6
2026-03-24 20:41:32.000,6
2026-03-24 20:41:32.000,7.2
2026-03-24 20:41:36.000,7.2
2026-03-24 20:41:36.000,8.4
2026-03-24 20:41:42.000,8.4
2026-03-24 20:41:42.000,7.2
2026-03-24 20:41:50.000,7.2
2026-03-24 20:41:50.000,8.4
2026-03-24 20:41:52.000,8.4
2026-03-24 20:41:52.000,7.2
2026-03-24 20:42:00.000,7.2
2026-03-24 20:42:00.000,8.4
2026-03-24 20:42:14.000,8.4
2026-03-24 20:42:14.000,7.2
2026-03-24 20:42:32.000,7.2
2026-03-24 20:42:32.000,8.4
2026-03-24 20:42:44.000,8.4
2026-03-24 20:42:44.000,9.6
2026-03-24 20:42:48.000,9.6
2026-03-24 20:42:48.000,8.4
2026-03-24 20:42:52.000,8.4
2026-03-24 20:42:52.000,7.2
2026-03-24 20:42:54.000,7.2
2026-03-24 20:42:54.000,6
2026-03-24 20:42:58.000,6
2026-03-24 20:42:58.000,7.2
2026-03-24 20:43:06.000,7.2
2026-03-24 20:43:06.000,8.4
2026-03-24 20:43:12.000,8.4
2026-03-24 20:43:12.000,7.2
2026-03-24 20:43:14.000,7.2
2026-03-24 20:43:14.000,9.6
2026-03-24 20:43:16.000,9.6
2026-03-24 20:43:16.000,8.4
2026-03-24 20:43:30.000,8.4
2026-03-24 20:43:30.000,7.2
2026-03-24 20:43:34.000,7.2
2026-03-24 20:43:34.000,8.4
2026-03-24 20:43:38.000,8.4
2026-03-24 20:43:38.000,7.2
2026-03-24 20:43:52.000,7.2
2026-03-24 20:43:52.000,8.4
2026-03-24 20:43:54.000,8.4
2026-03-24 20:43:54.000,7.2
2026-03-24 20:43:56.000,7.2
2026-03-24 20:43:56.000,1.2
2026-03-24 20:43:58.000,1.2
2026-03-24 20:43:58.000,3.6
2026-03-24 20:44:00.000,3.6
2026-03-24 20:44:00.000,1.2
2026-03-24 20:44:02.000,1.2
2026-03-24 20:44:02.000,3.6
2026-03-24 20:44:06.000,3.6
2026-03-24 20:44:06.000,4.8
2026-03-24 20:44:08.000,4.8
2026-03-24 20:44:08.000,6
2026-03-24 20:44:10.000,6
2026-03-24 20:44:10.000,8.4
2026-03-24 20:44:12.000,8.4
2026-03-24 20:44:12.000,6
2026-03-24 20:44:14.000,6
2026-03-24 20:44:14.000,8.4
2026-03-24 20:44:16.000,8.4
2026-03-24 20:44:16.000,7.2
2026-03-24 20:44:34.000,7.2
2026-03-24 20:44:34.000,8.4
2026-03-24 20:44:40.000,8.4
2026-03-24 20:44:40.000,7.2
2026-03-24 20:44:46.000,7.2
2026-03-24 20:44:46.000,8.4
2026-03-24 20:44:48.000,8.4
2026-03-24 20:44:48.000,9.6
2026-03-24 20:44:50.000,9.6
2026-03-24 20:44:50.000,8.4
2026-03-24 20:44:52.000,8.4
2026-03-24 20:44:52.000,7.2
2026-03-24 20:45:02.000,7.2
2026-03-24 20:45:02.000,8.4
2026-03-24 20:45:10.000,8.4
2026-03-24 20:45:10.000,7.2
2026-03-24 20:45:18.000,7.2
2026-03-24 20:45:18.000,8.4
2026-03-24 20:45:26.000,8.4
2026-03-24 20:45:26.000,7.2
2026-03-24 20:45:36.000,7.2
2026-03-24 20:45:36.000,8.4
2026-03-24 20:45:42.000,8.4
2026-03-24 20:45:42.000,7.2
2026-03-24 20:45:44.000,7.2
2026-03-24 20:45:44.000,8.4
2026-03-24 20:45:54.000,8.4
2026-03-24 20:45:54.000,7.2
2026-03-24 20:45:58.000,7.2
2026-03-24 20:45:58.000,8.4
2026-03-24 20:46:00.000,8.4
2026-03-24 20:46:00.000,7.2
2026-03-24 20:46:02.000,7.2
2026-03-24 20:46:02.000,8.4
2026-03-24 20:46:04.000,8.4
2026-03-24 20:46:04.000,7.2
2026-03-24 20:46:08.000,7.2
2026-03-24 20:46:08.000,9.6
2026-03-24 20:46:10.000,9.6
2026-03-24 20:46:10.000,7.2
2026-03-24 20:46:12.000,7.2
2026-03-24 20:46:12.000,6
2026-03-24 20:46:16.000,6
2026-03-24 20:46:16.000,4.8
2026-03-24 20:46:18.000,4.8
2026-03-24 20:46:18.000,6
2026-03-24 20:46:24.000,6
2026-03-24 20:46:24.000,7.2
2026-03-24 20:46:26.000,7.2
2026-03-24 20:46:26.000,8.4
2026-03-24 20:46:28.000,8.4
2026-03-24 20:46:28.000,6
2026-03-24 20:46:30.000,6
2026-03-24 20:46:30.000,7.2
2026-03-24 20:46:44.000,7.2
2026-03-24 20:46:44.000,8.4
2026-03-24 20:46:48.000,8.4
2026-03-24 20:46:48.000,7.2
2026-03-24 20:46:54.000,7.2
2026-03-24 20:46:54.000,8.4
2026-03-24 20:47:18.000,8.4
2026-03-24 20:47:18.000,7.2
2026-03-24 20:47:26.000,7.2
2026-03-24 20:47:26.000,8.4
2026-03-24 20:47:34.000,8.4
2026-03-24 20:47:34.000,7.2
2026-03-24 20:47:36.000,7.2
2026-03-24 20:47:36.000,8.4
2026-03-24 20:47:42.000,8.4
2026-03-24 20:47:42.000,7.2
2026-03-24 20:47:48.000,7.2
2026-03-24 20:47:48.000,8.4
2026-03-24 20:47:50.000,8.4
2026-03-24 20:47:50.000,7.2
2026-03-24 20:47:52.000,7.2
2026-03-24 20:47:52.000,8.4
2026-03-24 20:47:54.000,8.4
2026-03-24 20:47:54.000,7.2
2026-03-24 20:48:04.000,7.2
2026-03-24 20:48:04.000,9.6
2026-03-24 20:48:06.000,9.6
2026-03-24 20:48:06.000,8.4
2026-03-24 20:48:10.000,8.4
2026-03-24 20:48:10.000,7.2
2026-03-24 20:48:24.000,7.2
2026-03-24 20:48:24.000,8.4
2026-03-24 20:48:28.000,8.4
2026-03-24 20:48:28.000,7.2
2026-03-24 20:48:40.000,7.2
2026-03-24 20:48:40.000,8.4
2026-03-24 20:48:44.000,8.4
2026-03-24 20:48:44.000,7.2
2026-03-24 20:48:58.000,7.2
2026-03-24 20:48:58.000,8.4
2026-03-24 20:49:12.000,8.4
2026-03-24 20:49:12.000,9.6
2026-03-24 20:49:14.000,9.6
2026-03-24 20:49:14.000,6
2026-03-24 20:49:16.000,6
2026-03-24 20:49:16.000,9.6
2026-03-24 20:49:18.000,9.6
2026-03-24 20:49:18.000,6
2026-03-24 20:49:20.000,6
2026-03-24 20:49:20.000,7.2
2026-03-24 20:49:24.000,7.2
2026-03-24 20:49:24.000,8.4
2026-03-24 20:49:26.000,8.4
2026-03-24 20:49:26.000,7.2
2026-03-24 20:49:36.000,7.2
2026-03-24 20:49:36.000,8.4
2026-03-24 20:49:58.000,8.4
2026-03-24 20:49:58.000,7.2
2026-03-24 20:50:02.000,7.2
2026-03-24 20:50:02.000,8.4
2026-03-24 20:50:10.000,8.4
2026-03-24 20:50:10.000,12
2026-03-24 20:50:12.000,12
2026-03-24 20:50:12.000,6
2026-03-24 20:50:14.000,6
2026-03-24 20:50:14.000,4.8
2026-03-24 20:50:18.000,4.8
2026-03-24 20:50:18.000,3.6
2026-03-24 20:50:20.000,3.6
2026-03-24 20:50:20.000,4.8
2026-03-24 20:50:22.000,4.8
2026-03-24 20:50:22.000,6
2026-03-24 20:50:26.000,6
2026-03-24 20:50:26.000,7.2
2026-03-24 20:50:30.000,7.2
2026-03-24 20:50:30.000,8.4
2026-03-24 20:50:34.000,8.4
2026-03-24 20:50:34.000,7.2
2026-03-24 20:50:44.000,7.2
2026-03-24 20:50:44.000,8.4
2026-03-24 20:50:56.000,8.4
2026-03-24 20:50:56.000,7.2
2026-03-24 20:51:00.000,7.2
2026-03-24 20:51:00.000,8.4
2026-03-24 20:51:02.000,8.4
2026-03-24 20:51:02.000,7.2
2026-03-24 20:51:04.000,7.2
2026-03-24 20:51:04.000,4.8
2026-03-24 20:51:10.000,4.8
2026-03-24 20:51:10.000,6
2026-03-24 20:51:14.000,6
2026-03-24 20:51:14.000,7.2
2026-03-24 20:51:16.000,7.2
2026-03-24 20:51:16.000,8.4
2026-03-24 20:51:18.000,8.4
2026-03-24 20:51:18.000,6
2026-03-24 20:51:20.000,6
2026-03-24 20:51:20.000,4.8
2026-03-24 20:51:24.000,4.8
2026-03-24 20:51:24.000,6
2026-03-24 20:51:28.000,6
2026-03-24 20:51:28.000,7.2
2026-03-24 20:51:38.000,7.2
2026-03-24 20:51:38.000,8.4
2026-03-24 20:51:46.000,8.4
2026-03-24 20:51:46.000,7.2
2026-03-24 20:51:50.000,7.2
2026-03-24 20:51:50.000,8.4
2026-03-24 20:51:58.000,8.4
2026-03-24 20:51:58.000,7.2
2026-03-24 20:52:02.000,7.2
2026-03-24 20:52:02.000,8.4
2026-03-24 20:52:12.000,8.4
2026-03-24 20:52:12.000,7.2
2026-03-24 20:52:14.000,7.2
2026-03-24 20:52:14.000,8.4
2026-03-24 20:52:16.000,8.4
2026-03-24 20:52:16.000,7.2
2026-03-24 20:52:28.000,7.2
2026-03-24 20:52:28.000,8.4
2026-03-24 20:52:34.000,8.4
2026-03-24 20:52:34.000,7.2
2026-03-24 20:52:36.000,7.2
2026-03-24 20:52:36.000,8.4
2026-03-24 20:52:40.000,8.4
2026-03-24 20:52:40.000,9.6
2026-03-24 20:52:42.000,9.6
2026-03-24 20:52:42.000,8.4
2026-03-24 20:52:44.000,8.4
2026-03-24 20:52:44.000,9.6
2026-03-24 20:52:46.000,9.6
2026-03-24 20:52:46.000,8.4
2026-03-24 20:53:14.000,8.4
2026-03-24 20:53:14.000,9.6
2026-03-24 20:53:16.000,9.6
2026-03-24 20:53:16.000,8.4
2026-03-24 20:53:22.000,8.4
2026-03-24 20:53:22.000,12
2026-03-24 20:53:24.000,12
2026-03-24 20:53:24.000,9.6
2026-03-24 20:53:26.000,9.6
2026-03-24 20:53:26.000,10.8
2026-03-24 20:53:28.000,10.8
2026-03-24 20:53:28.000,9.6
2026-03-24 20:53:32.000,9.6
2026-03-24 20:53:32.000,8.4
2026-03-24 20:53:54.000,8.4
2026-03-24 20:53:54.000,7.2
2026-03-24 20:53:56.000,7.2
2026-03-24 20:53:56.000,8.4
2026-03-24 20:54:14.000,8.4
2026-03-24 20:54:14.000,7.2
2026-03-24 20:54:16.000,7.2
2026-03-24 20:54:16.000,8.4
2026-03-24 20:54:18.000,8.4
2026-03-24 20:54:18.000,9.6
2026-03-24 20:54:20.000,9.6
2026-03-24 20:54:20.000,8.4
2026-03-24 20:54:24.000,8.4
2026-03-24 20:54:24.000,9.6
2026-03-24 20:54:26.000,9.6
2026-03-24 20:54:26.000,12
2026-03-24 20:54:28.000,12
2026-03-24 20:54:28.000,0
2026-03-24 20:54:30.000,0
2026-03-24 20:54:30.000,6
2026-03-24 20:54:32.000,6
2026-03-24 20:54:32.000,2.4
2026-03-24 20:54:34.000,2.4
2026-03-24 20:54:34.000,3.6
2026-03-24 20:54:38.000,3.6
2026-03-24 20:54:38.000,4.8
2026-03-24 20:54:42.000,4.8
2026-03-24 20:54:42.000,6
2026-03-24 20:54:46.000,6
2026-03-24 20:54:46.000,7.2
2026-03-24 20:54:48.000,7.2
2026-03-24 20:54:48.000,6
2026-03-24 20:54:52.000,6
2026-03-24 20:54:52.000,7.2
2026-03-24 20:54:56.000,7.2
2026-03-24 20:54:56.000,8.4
2026-03-24 20:55:06.000,8.4
2026-03-24 20:55:06.000,7.2
2026-03-24 20:55:10.000,7.2
2026-03-24 20:55:10.000,8.4
2026-03-24 20:55:16.000,8.4
2026-03-24 20:55:16.000,9.6
2026-03-24 20:55:18.000,9.6
2026-03-24 20:55:18.000,8.4
2026-03-24 20:55:20.000,8.4
2026-03-24 20:55:20.000,7.2
2026-03-24 20:55:22.000,7.2
2026-03-24 20:55:22.000,8.4
2026-03-24 20:55:44.000,8.4
2026-03-24 20:55:44.000,9.6
2026-03-24 20:55:48.000,9.6
2026-03-24 20:55:48.000,8.4
2026-03-24 20:55:58.000,8.4
2026-03-24 20:55:58.000,7.2
2026-03-24 20:56:00.000,7.2
2026-03-24 20:56:00.000,8.4
2026-03-24 20:56:12.000,8.4
2026-03-24 20:56:12.000,7.2
2026-03-24 20:56:14.000,7.2
2026-03-24 20:56:14.000,8.4
2026-03-24 20:56:18.000,8.4
2026-03-24 20:56:18.000,9.6
2026-03-24 20:56:20.000,9.6
2026-03-24 20:56:20.000,8.4
2026-03-24 20:56:28.000,8.4
2026-03-24 20:56:28.000,9.6
2026-03-24 20:56:32.000,9.6
2026-03-24 20:56:32.000,8.4
2026-03-24 20:56:34.000,8.4
2026-03-24 20:56:34.000,7.2
2026-03-24 20:56:40.000,7.2
2026-03-24 20:56:40.000,8.4
2026-03-24 20:56:44.000,8.4
2026-03-24 20:56:44.000,9.6
2026-03-24 20:56:48.000,9.6
2026-03-24 20:56:48.000,8.4
2026-03-24 20:57:06.000,8.4
2026-03-24 20:57:06.000,7.2
2026-03-24 20:57:10.000,7.2
2026-03-24 20:57:10.000,8.4
2026-03-24 20:57:12.000,8.4
2026-03-24 20:57:12.000,9.6
2026-03-24 20:57:14.000,9.6
2026-03-24 20:57:14.000,10.8
2026-03-24 20:57:16.000,10.8
2026-03-24 20:57:16.000,9.6
2026-03-24 20:57:20.000,9.6
2026-03-24 20:57:20.000,14.4
2026-03-24 20:57:22.000,14.4
2026-03-24 20:57:22.000,4.8
2026-03-24 20:57:24.000,4.8
2026-03-24 20:57:24.000,7.2
2026-03-24 20:57:26.000,7.2
2026-03-24 20:57:26.000,3.6
2026-03-24 20:57:28.000,3.6
2026-03-24 20:57:28.000,4.8
2026-03-24 20:57:32.000,4.8
2026-03-24 20:57:32.000,6
2026-03-24 20:57:34.000,6
2026-03-24 20:57:34.000,7.2
2026-03-24 20:57:40.000,7.2
2026-03-24 20:57:40.000,8.4
2026-03-24 20:57:42.000,8.4
2026-03-24 20:57:42.000,7.2
2026-03-24 20:57:44.000,7.2
2026-03-24 20:57:44.000,8.4
2026-03-24 20:57:52.000,8.4
2026-03-24 20:57:52.000,9.6
2026-03-24 20:57:56.000,9.6
2026-03-24 20:57:56.000,10.8
2026-03-24 20:57:58.000,10.8
2026-03-24 20:57:58.000,9.6
2026-03-24 20:58:00.000,9.6
2026-03-24 20:58:00.000,10.8
2026-03-24 20:58:02.000,10.8
2026-03-24 20:58:02.000,9.6
2026-03-24 20:58:12.000,9.6
2026-03-24 20:58:12.000,8.4
2026-03-24 20:58:16.000,8.4
2026-03-24 20:58:16.000,9.6
2026-03-24 20:58:20.000,9.6
2026-03-24 20:58:20.000,8.4
2026-03-24 20:58:42.000,8.4
2026-03-24 20:58:42.000,9.6
2026-03-24 20:58:46.000,9.6
2026-03-24 20:58:46.000,10.8
2026-03-24 20:58:48.000,10.8
2026-03-24 20:58:48.000,9.6
2026-03-24 20:58:58.000,9.6
2026-03-24 20:58:58.000,10.8
2026-03-24 20:59:00.000,10.8
2026-03-24 20:59:00.000,8.4
2026-03-24 20:59:10.000,8.4
2026-03-24 20:59:10.000,7.2
2026-03-24 20:59:14.000,7.2
2026-03-24 20:59:14.000,8.4
2026-03-24 20:59:22.000,8.4
2026-03-24 20:59:22.000,7.2
2026-03-24 20:59:32.000,7.2
2026-03-24 20:59:32.000,8.4
2026-03-24 20:59:36.000,8.4
2026-03-24 20:59:36.000,9.6
2026-03-24 20:59:44.000,9.6
2026-03-24 20:59:44.000,8.4
2026-03-24 20:59:48.000,8.4
2026-03-24 20:59:48.000,9.6
2026-03-24 20:59:52.000,9.6
2026-03-24 20:59:52.000,8.4
2026-03-24 20:59:54.000,8.4
2026-03-24 20:59:54.000,10.8
2026-03-24 20:59:58.000,10.8
2026-03-24 20:59:58.000,8.4
2026-03-24 21:00:00.000,8.4
2026-03-24 21:00:00.000,4.8
2026-03-24 21:00:02.000,4.8
2026-03-24 21:00:02.000,6
2026-03-24 21:00:06.000,6
2026-03-24 21:00:06.000,8.4
2026-03-24 21:00:08.000,8.4
2026-03-24 21:00:08.000,7.2
2026-03-24 21:00:10.000,7.2
2026-03-24 21:00:10.000,8.4
2026-03-24 21:00:12.000,8.4
2026-03-24 21:00:12.000,7.2
2026-03-24 21:00:14.000,7.2
2026-03-24 21:00:14.000,8.4
2026-03-24 21:00:30.000,8.4
2026-03-24 21:00:30.000,7.2
2026-03-24 21:00:32.000,7.2
2026-03-24 21:00:32.000,8.4
2026-03-24 21:00:34.000,8.4
2026-03-24 21:00:34.000,9.6
2026-03-24 21:00:36.000,9.6
2026-03-24 21:00:36.000,8.4
2026-03-24 21:00:38.000,8.4
2026-03-24 21:00:38.000,7.2
2026-03-24 21:00:40.000,7.2
2026-03-24 21:00:40.000,8.4
2026-03-24 21:00:56.000,8.4
2026-03-24 21:00:56.000,9.6
2026-03-24 21:00:58.000,9.6
2026-03-24 21:00:58.000,8.4
2026-03-24 21:01:00.000,8.4
2026-03-24 21:01:00.000,9.6
2026-03-24 21:01:02.000,9.6
2026-03-24 21:01:02.000,8.4
2026-03-24 21:01:04.000,8.4
2026-03-24 21:01:04.000,7.2
2026-03-24 21:01:10.000,7.2
2026-03-24 21:01:10.000,9.6
2026-03-24 21:01:12.000,9.6
2026-03-24 21:01:12.000,8.4
2026-03-24 21:01:14.000,8.4
2026-03-24 21:01:14.000,7.2
2026-03-24 21:01:24.000,7.2
2026-03-24 21:01:24.000,8.4
2026-03-24 21:01:28.000,8.4
2026-03-24 21:01:28.000,9.6
2026-03-24 21:01:36.000,9.6
2026-03-24 21:01:36.000,8.4
2026-03-24 21:01:46.000,8.4
2026-03-24 21:01:46.000,13.2
2026-03-24 21:01:48.000,13.2
2026-03-24 21:01:48.000,4.8
2026-03-24 21:01:50.000,4.8
2026-03-24 21:01:50.000,0
2026-03-24 21:01:52.000,0
2026-03-24 21:01:52.000,3.6
2026-03-24 21:01:54.000,3.6
2026-03-24 21:01:54.000,1.2
2026-03-24 21:01:56.000,1.2
2026-03-24 21:01:56.000,3.6
2026-03-24 21:02:00.000,3.6
2026-03-24 21:02:00.000,6
2026-03-24 21:02:04.000,6
2026-03-24 21:02:04.000,7.2
2026-03-24 21:02:08.000,7.2
2026-03-24 21:02:08.000,8.4
2026-03-24 21:02:36.000,8.4
2026-03-24 21:02:36.000,7.2
2026-03-24 21:02:38.000,7.2
2026-03-24 21:02:38.000,8.4
2026-03-24 21:02:50.000,8.4
2026-03-24 21:02:50.000,9.6
2026-03-24 21:02:52.000,9.6
2026-03-24 21:02:52.000,8.4
2026-03-24 21:03:04.000,8.4
2026-03-24 21:03:04.000,9.6
2026-03-24 21:03:06.000,9.6
2026-03-24 21:03:06.000,8.4
2026-03-24 21:03:10.000,8.4
2026-03-24 21:03:10.000,7.2
2026-03-24 21:03:18.000,7.2
2026-03-24 21:03:18.000,8.4
2026-03-24 21:03:22.000,8.4
2026-03-24 21:03:22.000,9.6
2026-03-24 21:03:30.000,9.6
2026-03-24 21:03:30.000,8.4
2026-03-24 21:03:44.000,8.4
2026-03-24 21:03:44.000,9.6
2026-03-24 21:03:48.000,9.6
2026-03-24 21:03:48.000,8.4
2026-03-24 21:04:04.000,8.4
2026-03-24 21:04:04.000,7.2
2026-03-24 21:04:16.000,7.2
2026-03-24 21:04:16.000,8.4
2026-03-24 21:04:18.000,8.4
2026-03-24 21:04:18.000,9.6
2026-03-24 21:04:22.000,9.6
2026-03-24 21:04:22.000,8.4
2026-03-24 21:04:24.000,8.4
2026-03-24 21:04:24.000,9.6
2026-03-24 21:04:36.000,9.6
2026-03-24 21:04:36.000,8.4
2026-03-24 21:04:40.000,8.4
2026-03-24 21:04:40.000,7.2
2026-03-24 21:04:44.000,7.2
2026-03-24 21:04:44.000,8.4
2026-03-24 21:04:48.000,8.4
2026-03-24 21:04:48.000,7.2
2026-03-24 21:04:56.000,7.2
2026-03-24 21:04:56.000,8.4
2026-03-24 21:05:08.000,8.4
2026-03-24 21:05:08.000,7.2
2026-03-24 21:05:12.000,7.2
2026-03-24 21:05:12.000,8.4
2026-03-24 21:05:16.000,8.4
2026-03-24 21:05:16.000,9.6
2026-03-24 21:05:18.000,9.6
2026-03-24 21:05:18.000,8.4
2026-03-24 21:05:40.000,8.4
2026-03-24 21:05:40.000,7.2
2026-03-24 21:05:42.000,7.2
2026-03-24 21:05:42.000,8.4
2026-03-24 21:05:50.000,8.4
2026-03-24 21:05:50.000,7.2
2026-03-24 21:06:02.000,7.2
2026-03-24 21:06:02.000,8.4
2026-03-24 21:06:14.000,8.4
2026-03-24 21:06:14.000,9.6
2026-03-24 21:06:18.000,9.6
2026-03-24 21:06:18.000,12
2026-03-24 21:06:20.000,12
2026-03-24 21:06:20.000,10.8
2026-03-24 21:06:22.000,10.8
2026-03-24 21:06:22.000,9.6
2026-03-24 21:06:26.000,9.6
2026-03-24 21:06:26.000,8.4
2026-03-24 21:06:34.000,8.4
2026-03-24 21:06:34.000,9.6
2026-03-24 21:06:36.000,9.6
2026-03-24 21:06:36.000,8.4
2026-03-24 21:06:46.000,8.4
2026-03-24 21:06:46.000,7.2
2026-03-24 21:07:02.000,7.2
2026-03-24 21:07:02.000,8.4
2026-03-24 21:07:14.000,8.4
2026-03-24 21:07:14.000,7.2
2026-03-24 21:07:24.000,7.2
2026-03-24 21:07:24.000,8.4
2026-03-24 21:07:32.000,8.4
2026-03-24 21:07:32.000,7.2
2026-03-24 21:07:34.000,7.2
2026-03-24 21:07:34.000,8.4
2026-03-24 21:07:46.000,8.4
2026-03-24 21:07:46.000,7.2
2026-03-24 21:07:50.000,7.2
2026-03-24 21:07:50.000,8.4
2026-03-24 21:08:12.000,8.4
2026-03-24 21:08:12.000,10.8
2026-03-24 21:08:16.000,10.8
2026-03-24 21:08:16.000,9.6
2026-03-24 21:08:18.000,9.6
2026-03-24 21:08:18.000,8.4
2026-03-24 21:08:22.000,8.4
2026-03-24 21:08:22.000,7.2
2026-03-24 21:08:24.000,7.2
2026-03-24 21:08:24.000,8.4
2026-03-24 21:08:46.000,8.4
2026-03-24 21:08:46.000,7.2
2026-03-24 21:08:48.000,7.2
2026-03-24 21:08:48.000,8.4
2026-03-24 21:08:50.000,8.4
2026-03-24 21:08:50.000,7.2
2026-03-24 21:08:56.000,7.2
2026-03-24 21:08:56.000,8.4
2026-03-24 21:09:26.000,8.4
2026-03-24 21:09:26.000,9.6
2026-03-24 21:09:28.000,9.6
2026-03-24 21:09:28.000,4.8
2026-03-24 21:09:30.000,4.8
2026-03-24 21:09:30.000,6
2026-03-24 21:09:32.000,6
2026-03-24 21:09:32.000,3.6
2026-03-24 21:09:34.000,3.6
2026-03-24 21:09:34.000,4.8
2026-03-24 21:09:38.000,4.8
2026-03-24 21:09:38.000,6
2026-03-24 21:09:46.000,6
2026-03-24 21:09:46.000,7.2
2026-03-24 21:09:48.000,7.2
2026-03-24 21:09:48.000,8.4
2026-03-24 21:10:02.000,8.4
2026-03-24 21:10:02.000,7.2
2026-03-24 21:10:12.000,7.2
2026-03-24 21:10:12.000,8.4
2026-03-24 21:10:16.000,8.4
2026-03-24 21:10:16.000,9.6
2026-03-24 21:10:18.000,9.6
2026-03-24 21:10:18.000,7.2
2026-03-24 21:10:20.000,7.2
2026-03-24 21:10:20.000,8.4
2026-03-24 21:10:22.000,8.4
2026-03-24 21:10:22.000,7.2
2026-03-24 21:10:24.000,7.2
2026-03-24 21:10:24.000,8.4
2026-03-24 21:10:28.000,8.4
2026-03-24 21:10:28.000,9.6
2026-03-24 21:10:34.000,9.6
2026-03-24 21:10:34.000,8.4
2026-03-24 21:11:00.000,8.4
2026-03-24 21:11:00.000,7.2
2026-03-24 21:11:06.000,7.2
2026-03-24 21:11:06.000,9.6
2026-03-24 21:11:08.000,9.6
2026-03-24 21:11:08.000,8.4
2026-03-24 21:11:22.000,8.4
2026-03-24 21:11:22.000,7.2
2026-03-24 21:11:24.000,7.2
2026-03-24 21:11:24.000,8.4
2026-03-24 21:11:28.000,8.4
2026-03-24 21:11:28.000,7.2
2026-03-24 21:11:32.000,7.2
2026-03-24 21:11:32.000,8.4
2026-03-24 21:11:36.000,8.4
2026-03-24 21:11:36.000,7.2
2026-03-24 21:11:50.000,7.2
2026-03-24 21:11:50.000,8.4
2026-03-24 21:11:52.000,8.4
2026-03-24 21:11:52.000,9.6
2026-03-24 21:11:54.000,9.6
2026-03-24 21:11:54.000,8.4
2026-03-24 21:11:56.000,8.4
2026-03-24 21:11:56.000,4.8
2026-03-24 21:12:00.000,4.8
2026-03-24 21:12:00.000,6
2026-03-24 21:12:04.000,6
2026-03-24 21:12:04.000,7.2
2026-03-24 21:12:06.000,7.2
2026-03-24 21:12:06.000,6
2026-03-24 21:12:08.000,6
2026-03-24 21:12:08.000,7.2
2026-03-24 21:12:38.000,7.2
2026-03-24 21:12:38.000,8.4
2026-03-24 21:12:40.000,8.4
2026-03-24 21:12:40.000,7.2
2026-03-24 21:13:04.000,7.2
2026-03-24 21:13:04.000,8.4
2026-03-24 21:13:06.000,8.4
2026-03-24 21:13:06.000,7.2
2026-03-24 21:13:08.000,7.2
2026-03-24 21:13:08.000,9.6
2026-03-24 21:13:10.000,9.6
2026-03-24 21:13:10.000,8.4
2026-03-24 21:13:24.000,8.4
2026-03-24 21:13:24.000,7.2
2026-03-24 21:13:26.000,7.2
2026-03-24 21:13:26.000,8.4
2026-03-24 21:13:36.000,8.4
2026-03-24 21:13:36.000,7.2
2026-03-24 21:13:38.000,7.2
2026-03-24 21:13:38.000,8.4
2026-03-24 21:13:40.000,8.4
2026-03-24 21:13:40.000,10.8
2026-03-24 21:13:42.000,10.8
2026-03-24 21:13:42.000,6
2026-03-24 21:13:44.000,6
2026-03-24 21:13:44.000,7.2
2026-03-24 21:13:46.000,7.2
2026-03-24 21:13:46.000,6
2026-03-24 21:13:54.000,6
2026-03-24 21:13:54.000,7.2
2026-03-24 21:13:58.000,7.2
2026-03-24 21:13:58.000,8.4
2026-03-24 21:14:04.000,8.4
2026-03-24 21:14:04.000,7.2
2026-03-24 21:14:14.000,7.2
2026-03-24 21:14:14.000,8.4
2026-03-24 21:14:26.000,8.4
2026-03-24 21:14:26.000,7.2
2026-03-24 21:14:28.000,7.2
2026-03-24 21:14:28.000,8.4
2026-03-24 21:14:40.000,8.4
2026-03-24 21:14:40.000,7.2
2026-03-24 21:14:42.000,7.2
2026-03-24 21:14:42.000,8.4
2026-03-24 21:14:44.000,8.4
2026-03-24 21:14:44.000,7.2
2026-03-24 21:14:48.000,7.2
2026-03-24 21:14:48.000,8.4
2026-03-24 21:14:50.000,8.4
2026-03-24 21:14:50.000,9.6
2026-03-24 21:14:52.000,9.6
2026-03-24 21:14:52.000,8.4
2026-03-24 21:14:54.000,8.4
2026-03-24 21:14:54.000,3.6
2026-03-24 21:14:56.000,3.6
2026-03-24 21:14:56.000,7.2
2026-03-24 21:14:58.000,7.2
2026-03-24 21:14:58.000,3.6
2026-03-24 21:15:00.000,3.6
2026-03-24 21:15:00.000,6
2026-03-24 21:15:02.000,6
2026-03-24 21:15:02.000,7.2
2026-03-24 21:15:04.000,7.2
2026-03-24 21:15:04.000,8.4
2026-03-24 21:15:08.000,8.4
2026-03-24 21:15:08.000,9.6
2026-03-24 21:15:32.000,9.6
2026-03-24 21:15:32.000,8.4
2026-03-24 21:15:36.000,8.4
2026-03-24 21:15:36.000,9.6
2026-03-24 21:15:42.000,9.6
2026-03-24 21:15:42.000,10.8
2026-03-24 21:15:46.000,10.8
2026-03-24 21:15:46.000,9.6
2026-03-24 21:16:14.000,9.6
2026-03-24 21:16:14.000,10.8
2026-03-24 21:16:20.000,10.8
2026-03-24 21:16:20.000,9.6
2026-03-24 21:16:42.000,9.6
2026-03-24 21:16:42.000,10.8
2026-03-24 21:16:46.000,10.8
2026-03-24 21:16:46.000,9.6
2026-03-24 21:17:06.000,9.6
2026-03-24 21:17:06.000,10.8
2026-03-24 21:17:12.000,10.8
2026-03-24 21:17:12.000,9.6
2026-03-24 21:17:18.000,9.6
2026-03-24 21:17:18.000,10.8
2026-03-24 21:17:20.000,10.8
2026-03-24 21:17:20.000,9.6
2026-03-24 21:17:42.000,9.6
2026-03-24 21:17:42.000,10.8
2026-03-24 21:17:44.000,10.8
2026-03-24 21:17:44.000,9.6
2026-03-24 21:18:04.000,9.6
2026-03-24 21:18:04.000,10.8
2026-03-24 21:18:10.000,10.8
2026-03-24 21:18:10.000,9.6
2026-03-24 21:18:44.000,9.6
2026-03-24 21:18:44.000,10.8
2026-03-24 21:18:48.000,10.8
2026-03-24 21:18:48.000,9.6
2026-03-24 21:18:50.000,9.6
2026-03-24 21:18:50.000,10.8
2026-03-24 21:18:52.000,10.8
2026-03-24 21:18:52.000,14.4
2026-03-24 21:18:54.000,14.4
2026-03-24 21:18:54.000,12
2026-03-24 21:18:56.000,12
2026-03-24 21:18:56.000,10.8
2026-03-24 21:18:58.000,10.8
2026-03-24 21:18:58.000,7.2
2026-03-24 21:19:00.000,7.2
2026-03-24 21:19:00.000,8.4
2026-03-24 21:19:06.000,8.4
2026-03-24 21:19:06.000,9.6
2026-03-24 21:19:08.000,9.6
2026-03-24 21:19:08.000,10.8
2026-03-24 21:19:10.000,10.8
2026-03-24 21:19:10.000,9.6
2026-03-24 21:19:52.000,9.6
2026-03-24 21:19:52.000,8.4
2026-03-24 21:20:00.000,8.4
2026-03-24 21:20:00.000,9.6
2026-03-24 21:20:14.000,9.6
2026-03-24 21:20:14.000,10.8
2026-03-24 21:20:16.000,10.8
2026-03-24 21:20:16.000,9.6
2026-03-24 21:20:18.000,9.6
2026-03-24 21:20:18.000,8.4
2026-03-24 21:20:30.000,8.4
2026-03-24 21:20:30.000,9.6
2026-03-24 21:20:42.000,9.6
2026-03-24 21:20:42.000,8.4
2026-03-24 21:20:44.000,8.4
2026-03-24 21:20:44.000,9.6
2026-03-24 21:20:46.000,9.6
2026-03-24 21:20:46.000,12
2026-03-24 21:20:48.000,12
2026-03-24 21:20:48.000,10.8
2026-03-24 21:20:50.000,10.8
2026-03-24 21:20:50.000,9.6
2026-03-24 21:21:10.000,9.6
2026-03-24 21:21:10.000,8.4
2026-03-24 21:21:20.000,8.4
2026-03-24 21:21:20.000,9.6
2026-03-24 21:21:28.000,9.6
2026-03-24 21:21:28.000,8.4
2026-03-24 21:21:30.000,8.4
2026-03-24 21:21:30.000,9.6
2026-03-24 21:21:36.000,9.6
2026-03-24 21:21:36.000,8.4
2026-03-24 21:21:38.000,8.4
2026-03-24 21:21:38.000,9.6
2026-03-24 21:21:40.000,9.6
2026-03-24 21:21:40.000,8.4
2026-03-24 21:21:42.000,8.4
2026-03-24 21:21:42.000,10.8
2026-03-24 21:21:44.000,10.8
2026-03-24 21:21:44.000,16.8
2026-03-24 21:21:46.000,16.8
2026-03-24 21:21:46.000,2.4
2026-03-24 21:21:48.000,2.4
2026-03-24 21:21:48.000,3.6
2026-03-24 21:21:50.000,3.6
2026-03-24 21:21:50.000,1.2
2026-03-24 21:21:52.000,1.2
2026-03-24 21:21:52.000,3.6
2026-03-24 21:21:54.000,3.6
2026-03-24 21:21:54.000,4.8
2026-03-24 21:21:56.000,4.8
2026-03-24 21:21:56.000,6
2026-03-24 21:21:58.000,6
2026-03-24 21:21:58.000,7.2
2026-03-24 21:22:02.000,7.2
2026-03-24 21:22:02.000,8.4
2026-03-24 21:22:04.000,8.4
2026-03-24 21:22:04.000,9.6
2026-03-24 21:22:16.000,9.6
2026-03-24 21:22:16.000,12
2026-03-24 21:22:18.000,12
2026-03-24 21:22:18.000,13.2
2026-03-24 21:22:20.000,13.2
2026-03-24 21:22:20.000,10.8
2026-03-24 21:22:24.000,10.8
2026-03-24 21:22:24.000,9.6
2026-03-24 21:22:32.000,9.6
2026-03-24 21:22:32.000,10.8
2026-03-24 21:22:34.000,10.8
2026-03-24 21:22:34.000,9.6
2026-03-24 21:22:36.000,9.6
2026-03-24 21:22:36.000,10.8
2026-03-24 21:22:40.000,10.8
2026-03-24 21:22:40.000,9.6
2026-03-24 21:23:28.000,9.6
2026-03-24 21:23:28.000,10.8
2026-03-24 21:23:30.000,10.8
2026-03-24 21:23:30.000,9.6
2026-03-24 21:23:36.000,9.6
2026-03-24 21:23:36.000,8.4
2026-03-24 21:23:38.000,8.4
2026-03-24 21:23:38.000,9.6
2026-03-24 21:24:02.000,9.6
2026-03-24 21:24:02.000,10.8
2026-03-24 21:24:04.000,10.8
2026-03-24 21:24:04.000,12
2026-03-24 21:24:06.000,12
2026-03-24 21:24:06.000,10.8
2026-03-24 21:24:08.000,10.8
2026-03-24 21:24:08.000,12
2026-03-24 21:24:10.000,12
2026-03-24 21:24:10.000,10.8
2026-03-24 21:24:12.000,10.8
2026-03-24 21:24:12.000,9.6
2026-03-24 21:24:32.000,9.6
2026-03-24 21:24:32.000,10.8
2026-03-24 21:24:50.000,10.8
2026-03-24 21:24:50.000,9.6
2026-03-24 21:24:54.000,9.6
2026-03-24 21:24:54.000,10.8
2026-03-24 21:24:56.000,10.8
2026-03-24 21:24:56.000,9.6
2026-03-24 21:25:02.000,9.6
2026-03-24 21:25:02.000,12
2026-03-24 21:25:04.000,12
2026-03-24 21:25:04.000,9.6
2026-03-24 21:25:08.000,9.6
2026-03-24 21:25:08.000,7.2
2026-03-24 21:25:10.000,7.2
2026-03-24 21:25:10.000,6
2026-03-24 21:25:12.000,6
2026-03-24 21:25:12.000,7.2
2026-03-24 21:25:14.000,7.2
2026-03-24 21:25:14.000,8.4
2026-03-24 21:25:16.000,8.4
2026-03-24 21:25:16.000,9.6
2026-03-24 21:25:18.000,9.6
2026-03-24 21:25:18.000,8.4
2026-03-24 21:25:20.000,8.4
2026-03-24 21:25:20.000,9.6
2026-03-24 21:25:26.000,9.6
2026-03-24 21:25:26.000,8.4
2026-03-24 21:25:28.000,8.4
2026-03-24 21:25:28.000,9.6
2026-03-24 21:25:52.000,9.6
2026-03-24 21:25:52.000,10.8
2026-03-24 21:25:54.000,10.8
2026-03-24 21:25:54.000,9.6
2026-03-24 21:26:00.000,9.6
2026-03-24 21:26:00.000,8.4
2026-03-24 21:26:10.000,8.4
2026-03-24 21:26:10.000,9.6
2026-03-24 21:26:48.000,9.6
2026-03-24 21:26:48.000,8.4
2026-03-24 21:27:10.000,8.4
2026-03-24 21:27:10.000,9.6
2026-03-24 21:27:18.000,9.6
2026-03-24 21:27:18.000,8.4
2026-03-24 21:27:44.000,8.4
2026-03-24 21:27:44.000,9.6
2026-03-24 21:27:50.000,9.6
2026-03-24 21:27:50.000,8.4
2026-03-24 21:27:52.000,8.4
2026-03-24 21:27:52.000,9.6
2026-03-24 21:27:58.000,9.6
2026-03-24 21:27:58.000,8.4
2026-03-24 21:28:00.000,8.4
2026-03-24 21:28:00.000,9.6
2026-03-24 21:28:10.000,9.6
2026-03-24 21:28:10.000,8.4
2026-03-24 21:28:12.000,8.4
2026-03-24 21:28:12.000,9.6
2026-03-24 21:28:18.000,9.6
2026-03-24 21:28:18.000,8.4
2026-03-24 21:28:20.000,8.4
2026-03-24 21:28:20.000,9.6
2026-03-24 21:28:24.000,9.6
2026-03-24 21:28:24.000,8.4
2026-03-24 21:28:44.000,8.4
2026-03-24 21:28:44.000,9.6
2026-03-24 21:28:46.000,9.6
2026-03-24 21:28:46.000,8.4
2026-03-24 21:28:50.000,8.4
2026-03-24 21:28:50.000,9.6
2026-03-24 21:28:56.000,9.6
2026-03-24 21:28:56.000,8.4
2026-03-24 21:29:20.000,8.4
2026-03-24 21:29:20.000,9.6
2026-03-24 21:29:38.000,9.6
2026-03-24 21:29:38.000,8.4
2026-03-24 21:29:46.000,8.4
2026-03-24 21:29:46.000,9.6
2026-03-24 21:29:52.000,9.6
2026-03-24 21:29:52.000,8.4
2026-03-24 21:29:54.000,8.4
2026-03-24 21:29:54.000,9.6
2026-03-24 21:29:56.000,9.6
2026-03-24 21:29:56.000,8.4
2026-03-24 21:29:58.000,8.4
2026-03-24 21:29:58.000,9.6
2026-03-24 21:30:00.000,9.6
2026-03-24 21:30:00.000,8.4
2026-03-24 21:30:02.000,8.4
2026-03-24 21:30:02.000,7.2
2026-03-24 21:30:04.000,7.2
2026-03-24 21:30:04.000,8.4
2026-03-24 21:30:12.000,8.4
2026-03-24 21:30:12.000,9.6
2026-03-24 21:30:16.000,9.6
2026-03-24 21:30:16.000,8.4
2026-03-24 21:30:18.000,8.4
2026-03-24 21:30:18.000,7.2
2026-03-24 21:30:20.000,7.2
2026-03-24 21:30:20.000,8.4
2026-03-24 21:30:22.000,8.4
2026-03-24 21:30:22.000,10.8
2026-03-24 21:30:30.000,10.8
2026-03-24 21:30:30.000,9.6
2026-03-24 21:30:34.000,9.6
2026-03-24 21:30:34.000,8.4
2026-03-24 21:30:36.000,8.4
2026-03-24 21:30:36.000,7.2
2026-03-24 21:30:38.000,7.2
2026-03-24 21:30:38.000,8.4
2026-03-24 21:30:58.000,8.4
2026-03-24 21:30:58.000,10.8
2026-03-24 21:31:00.000,10.8
2026-03-24 21:31:00.000,7.2
2026-03-24 21:31:02.000,7.2
2026-03-24 21:31:02.000,9.6
2026-03-24 21:31:04.000,9.6
2026-03-24 21:31:04.000,7.2
2026-03-24 21:31:06.000,7.2
2026-03-24 21:31:06.000,8.4
2026-03-24 21:31:16.000,8.4
2026-03-24 21:31:16.000,9.6
2026-03-24 21:31:18.000,9.6
2026-03-24 21:31:18.000,8.4
2026-03-24 21:31:24.000,8.4
2026-03-24 21:31:24.000,9.6
2026-03-24 21:31:26.000,9.6
2026-03-24 21:31:26.000,8.4
2026-03-24 21:31:28.000,8.4
2026-03-24 21:31:28.000,9.6
2026-03-24 21:31:46.000,9.6
2026-03-24 21:31:46.000,8.4
2026-03-24 21:31:50.000,8.4
2026-03-24 21:31:50.000,9.6
2026-03-24 21:31:52.000,9.6
2026-03-24 21:31:52.000,8.4
2026-03-24 21:31:58.000,8.4
2026-03-24 21:31:58.000,9.6
2026-03-24 21:32:02.000,9.6
2026-03-24 21:32:02.000,8.4
2026-03-24 21:32:06.000,8.4
2026-03-24 21:32:06.000,9.6
2026-03-24 21:32:10.000,9.6
2026-03-24 21:32:10.000,8.4
2026-03-24 21:32:14.000,8.4
2026-03-24 21:32:14.000,9.6
2026-03-24 21:32:16.000,9.6
2026-03-24 21:32:16.000,8.4
2026-03-24 21:32:20.000,8.4
2026-03-24 21:32:20.000,9.6
2026-03-24 21:32:30.000,9.6
2026-03-24 21:32:30.000,8.4
2026-03-24 21:32:40.000,8.4
2026-03-24 21:32:40.000,9.6
2026-03-24 21:32:56.000,9.6
2026-03-24 21:32:56.000,8.4
2026-03-24 21:33:02.000,8.4
2026-03-24 21:33:02.000,9.6
2026-03-24 21:33:22.000,9.6
2026-03-24 21:33:22.000,8.4
2026-03-24 21:33:30.000,8.4
2026-03-24 21:33:30.000,9.6
2026-03-24 21:33:34.000,9.6
2026-03-24 21:33:34.000,8.4
2026-03-24 21:33:40.000,8.4
2026-03-24 21:33:40.000,9.6
2026-03-24 21:33:44.000,9.6
2026-03-24 21:33:44.000,7.2
2026-03-24 21:33:46.000,7.2
2026-03-24 21:33:46.000,8.4
2026-03-24 21:34:06.000,8.4
2026-03-24 21:34:06.000,7.2
2026-03-24 21:34:08.000,7.2
2026-03-24 21:34:08.000,8.4
2026-03-24 21:34:16.000,8.4
2026-03-24 21:34:16.000,9.6
2026-03-24 21:34:20.000,9.6
2026-03-24 21:34:20.000,8.4
2026-03-24 21:34:38.000,8.4
2026-03-24 21:34:38.000,9.6
2026-03-24 21:34:40.000,9.6
2026-03-24 21:34:40.000,8.4
2026-03-24 21:34:56.000,8.4
2026-03-24 21:34:56.000,9.6
2026-03-24 21:35:14.000,9.6
2026-03-24 21:35:14.000,8.4
2026-03-24 21:35:18.000,8.4
2026-03-24 21:35:18.000,9.6
2026-03-24 21:35:26.000,9.6
2026-03-24 21:35:26.000,8.4
2026-03-24 21:35:34.000,8.4
2026-03-24 21:35:34.000,9.6
2026-03-24 21:35:40.000,9.6
2026-03-24 21:35:40.000,8.4
2026-03-24 21:35:58.000,8.4
2026-03-24 21:35:58.000,12
2026-03-24 21:36:00.000,12
2026-03-24 21:36:00.000,6
2026-03-24 21:36:02.000,6
2026-03-24 21:36:02.000,4.8
2026-03-24 21:36:04.000,4.8
2026-03-24 21:36:04.000,7.2
2026-03-24 21:36:06.000,7.2
2026-03-24 21:36:06.000,3.6
2026-03-24 21:36:08.000,3.6
2026-03-24 21:36:08.000,6
2026-03-24 21:36:10.000,6
2026-03-24 21:36:10.000,7.2
2026-03-24 21:36:12.000,7.2
2026-03-24 21:36:12.000,6
2026-03-24 21:36:14.000,6
2026-03-24 21:36:14.000,7.2
2026-03-24 21:36:18.000,7.2
2026-03-24 21:36:18.000,8.4
2026-03-24 21:36:42.000,8.4
2026-03-24 21:36:42.000,7.2
2026-03-24 21:36:44.000,7.2
2026-03-24 21:36:44.000,8.4
2026-03-24 21:37:12.000,8.4
2026-03-24 21:37:12.000,9.6
2026-03-24 21:37:14.000,9.6
2026-03-24 21:37:14.000,8.4
2026-03-24 21:37:28.000,8.4
2026-03-24 21:37:28.000,10.8
2026-03-24 21:37:30.000,10.8
2026-03-24 21:37:30.000,6
2026-03-24 21:37:32.000,6
2026-03-24 21:37:32.000,7.2
2026-03-24 21:37:34.000,7.2
2026-03-24 21:37:34.000,4.8
2026-03-24 21:37:36.000,4.8
2026-03-24 21:37:36.000,6
2026-03-24 21:37:42.000,6
2026-03-24 21:37:42.000,7.2
2026-03-24 21:37:46.000,7.2
2026-03-24 21:37:46.000,8.4
2026-03-24 21:37:50.000,8.4
2026-03-24 21:37:50.000,9.6
2026-03-24 21:37:52.000,9.6
2026-03-24 21:37:52.000,8.4
2026-03-24 21:38:04.000,8.4
2026-03-24 21:38:04.000,7.2
2026-03-24 21:38:06.000,7.2
2026-03-24 21:38:06.000,8.4
2026-03-24 21:38:14.000,8.4
2026-03-24 21:38:14.000,7.2
2026-03-24 21:38:18.000,7.2
2026-03-24 21:38:18.000,8.4
2026-03-24 21:38:24.000,8.4
2026-03-24 21:38:24.000,7.2
2026-03-24 21:38:42.000,7.2
2026-03-24 21:38:42.000,8.4
2026-03-24 21:38:50.000,8.4
2026-03-24 21:38:50.000,7.2
2026-03-24 21:38:52.000,7.2
2026-03-24 21:38:52.000,8.4
2026-03-24 21:38:54.000,8.4
2026-03-24 21:38:54.000,7.2
2026-03-24 21:39:00.000,7.2
2026-03-24 21:39:00.000,8.4
2026-03-24 21:39:08.000,8.4
2026-03-24 21:39:08.000,7.2
2026-03-24 21:39:20.000,7.2
2026-03-24 21:39:20.000,8.4
2026-03-24 21:39:24.000,8.4
2026-03-24 21:39:24.000,7.2
2026-03-24 21:39:40.000,7.2
2026-03-24 21:39:40.000,8.4
2026-03-24 21:39:48.000,8.4
2026-03-24 21:39:48.000,9.6
2026-03-24 21:39:50.000,9.6
2026-03-24 21:39:50.000,8.4
2026-03-24 21:39:54.000,8.4
2026-03-24 21:39:54.000,7.2
2026-03-24 21:40:04.000,7.2
2026-03-24 21:40:04.000,8.4
2026-03-24 21:40:12.000,8.4
2026-03-24 21:40:12.000,7.2
2026-03-24 21:40:14.000,7.2
2026-03-24 21:40:14.000,8.4
2026-03-24 21:40:22.000,8.4
2026-03-24 21:40:22.000,7.2
2026-03-24 21:40:28.000,7.2
2026-03-24 21:40:28.000,8.4
2026-03-24 21:40:34.000,8.4
2026-03-24 21:40:34.000,7.2
2026-03-24 21:40:36.000,7.2
2026-03-24 21:40:36.000,8.4
2026-03-24 21:40:40.000,8.4
2026-03-24 21:40:40.000,7.2
2026-03-24 21:40:44.000,7.2
2026-03-24 21:40:44.000,8.4
2026-03-24 21:40:48.000,8.4
2026-03-24 21:40:48.000,7.2
2026-03-24 21:40:50.000,7.2
2026-03-24 21:40:50.000,8.4
2026-03-24 21:41:18.000,8.4
2026-03-24 21:41:18.000,7.2
2026-03-24 21:41:20.000,7.2
2026-03-24 21:41:20.000,8.4
2026-03-24 21:41:24.000,8.4
2026-03-24 21:41:24.000,9.6
2026-03-24 21:41:36.000,9.6
2026-03-24 21:41:36.000,8.4
2026-03-24 21:42:04.000,8.4
2026-03-24 21:42:04.000,7.2
2026-03-24 21:42:06.000,7.2
2026-03-24 21:42:06.000,8.4
2026-03-24 21:42:08.000,8.4
2026-03-24 21:42:08.000,9.6
2026-03-24 21:42:16.000,9.6
2026-03-24 21:42:16.000,8.4
2026-03-24 21:42:38.000,8.4
2026-03-24 21:42:38.000,9.6
2026-03-24 21:42:42.000,9.6
2026-03-24 21:42:42.000,8.4
2026-03-24 21:42:58.000,8.4
2026-03-24 21:42:58.000,9.6
2026-03-24 21:43:02.000,9.6
2026-03-24 21:43:02.000,8.4
2026-03-24 21:43:10.000,8.4
2026-03-24 21:43:10.000,9.6
2026-03-24 21:43:12.000,9.6
2026-03-24 21:43:12.000,10.8
2026-03-24 21:43:14.000,10.8
2026-03-24 21:43:14.000,9.6
2026-03-24 21:43:24.000,9.6
2026-03-24 21:43:24.000,8.4
2026-03-24 21:43:30.000,8.4
2026-03-24 21:43:30.000,9.6
2026-03-24 21:43:34.000,9.6
2026-03-24 21:43:34.000,10.8
2026-03-24 21:43:36.000,10.8
2026-03-24 21:43:36.000,7.2
2026-03-24 21:43:42.000,7.2
2026-03-24 21:43:42.000,6
2026-03-24 21:43:44.000,6
2026-03-24 21:43:44.000,7.2
2026-03-24 21:43:50.000,7.2
2026-03-24 21:43:50.000,8.4
2026-03-24 21:44:06.000,8.4
2026-03-24 21:44:06.000,9.6
2026-03-24 21:44:08.000,9.6
2026-03-24 21:44:08.000,8.4
2026-03-24 21:44:10.000,8.4
2026-03-24 21:44:10.000,7.2
2026-03-24 21:44:12.000,7.2
2026-03-24 21:44:12.000,8.4
2026-03-24 21:44:18.000,8.4
2026-03-24 21:44:18.000,7.2
2026-03-24 21:44:26.000,7.2
2026-03-24 21:44:26.000,8.4
2026-03-24 21:44:40.000,8.4
2026-03-24 21:44:40.000,7.2
2026-03-24 21:44:42.000,7.2
2026-03-24 21:44:42.000,8.4
2026-03-24 21:44:46.000,8.4
2026-03-24 21:44:46.000,7.2
2026-03-24 21:44:56.000,7.2
2026-03-24 21:44:56.000,8.4
2026-03-24 21:44:58.000,8.4
2026-03-24 21:44:58.000,9.6
2026-03-24 21:45:00.000,9.6
2026-03-24 21:45:00.000,7.2
2026-03-24 21:45:02.000,7.2
2026-03-24 21:45:02.000,8.4
2026-03-24 21:45:04.000,8.4
2026-03-24 21:45:04.000,7.2
2026-03-24 21:45:18.000,7.2
2026-03-24 21:45:18.000,8.4
2026-03-24 21:45:30.000,8.4
2026-03-24 21:45:30.000,7.2
2026-03-24 21:45:38.000,7.2
2026-03-24 21:45:38.000,8.4
2026-03-24 21:45:50.000,8.4
2026-03-24 21:45:50.000,7.2
2026-03-24 21:46:00.000,7.2
2026-03-24 21:46:00.000,8.4
2026-03-24 21:46:16.000,8.4
2026-03-24 21:46:16.000,7.2
2026-03-24 21:46:24.000,7.2
2026-03-24 21:46:24.000,8.4
2026-03-24 21:46:32.000,8.4
2026-03-24 21:46:32.000,7.2
2026-03-24 21:46:40.000,7.2
2026-03-24 21:46:40.000,8.4
2026-03-24 21:46:56.000,8.4
2026-03-24 21:46:56.000,7.2
2026-03-24 21:46:58.000,7.2
2026-03-24 21:46:58.000,8.4
2026-03-24 21:47:00.000,8.4
2026-03-24 21:47:00.000,7.2
2026-03-24 21:47:06.000,7.2
2026-03-24 21:47:06.000,8.4
2026-03-24 21:47:12.000,8.4
2026-03-24 21:47:12.000,7.2
2026-03-24 21:47:14.000,7.2
2026-03-24 21:47:14.000,8.4
2026-03-24 21:47:22.000,8.4
2026-03-24 21:47:22.000,7.2
2026-03-24 21:47:26.000,7.2
2026-03-24 21:47:26.000,8.4
2026-03-24 21:47:30.000,8.4
2026-03-24 21:47:30.000,7.2
2026-03-24 21:47:40.000,7.2
2026-03-24 21:47:40.000,8.4
2026-03-24 21:47:52.000,8.4
2026-03-24 21:47:52.000,7.2
2026-03-24 21:47:56.000,7.2
2026-03-24 21:47:56.000,8.4
2026-03-24 21:48:00.000,8.4
2026-03-24 21:48:00.000,7.2
2026-03-24 21:48:06.000,7.2
2026-03-24 21:48:06.000,8.4
2026-03-24 21:48:08.000,8.4
2026-03-24 21:48:08.000,7.2
2026-03-24 21:48:10.000,7.2
2026-03-24 21:48:10.000,8.4
2026-03-24 21:48:24.000,8.4
2026-03-24 21:48:24.000,7.2
2026-03-24 21:48:26.000,7.2
2026-03-24 21:48:26.000,9.6
2026-03-24 21:48:28.000,9.6
2026-03-24 21:48:28.000,8.4
2026-03-24 21:48:38.000,8.4
2026-03-24 21:48:38.000,4.8
2026-03-24 21:48:42.000,4.8
2026-03-24 21:48:42.000,3.6
2026-03-24 21:48:44.000,3.6
2026-03-24 21:48:44.000,4.8
2026-03-24 21:48:46.000,4.8
2026-03-24 21:48:46.000,6
2026-03-24 21:48:50.000,6
2026-03-24 21:48:50.000,8.4
2026-03-24 21:48:52.000,8.4
2026-03-24 21:48:52.000,7.2
2026-03-24 21:48:56.000,7.2
2026-03-24 21:48:56.000,8.4
2026-03-24 21:48:58.000,8.4
2026-03-24 21:48:58.000,7.2
2026-03-24 21:49:00.000,7.2
2026-03-24 21:49:00.000,8.4
2026-03-24 21:49:02.000,8.4
2026-03-24 21:49:02.000,7.2
2026-03-24 21:49:20.000,7.2
2026-03-24 21:49:20.000,8.4
2026-03-24 21:49:22.000,8.4
2026-03-24 21:49:22.000,7.2
2026-03-24 21:49:24.000,7.2
2026-03-24 21:49:24.000,8.4
2026-03-24 21:49:26.000,8.4
2026-03-24 21:49:26.000,7.2
2026-03-24 21:49:28.000,7.2
2026-03-24 21:49:28.000,8.4
2026-03-24 21:49:32.000,8.4
2026-03-24 21:49:32.000,7.2
2026-03-24 21:49:52.000,7.2
2026-03-24 21:49:52.000,8.4
2026-03-24 21:49:54.000,8.4
2026-03-24 21:49:54.000,7.2
2026-03-24 21:50:06.000,7.2
2026-03-24 21:50:06.000,8.4
2026-03-24 21:50:08.000,8.4
2026-03-24 21:50:08.000,7.2
2026-03-24 21:50:10.000,7.2
2026-03-24 21:50:10.000,8.4
2026-03-24 21:50:12.000,8.4
2026-03-24 21:50:12.000,7.2
2026-03-24 21:50:18.000,7.2
2026-03-24 21:50:18.000,6
2026-03-24 21:50:20.000,6
2026-03-24 21:50:20.000,7.2
2026-03-24 21:50:36.000,7.2
2026-03-24 21:50:36.000,6
2026-03-24 21:50:38.000,6
2026-03-24 21:50:38.000,7.2
2026-03-24 21:50:54.000,7.2
2026-03-24 21:50:54.000,6
2026-03-24 21:51:00.000,6
2026-03-24 21:51:00.000,7.2
2026-03-24 21:51:46.000,7.2
2026-03-24 21:51:46.000,6
2026-03-24 21:51:48.000,6
2026-03-24 21:51:48.000,7.2
2026-03-24 21:52:00.000,7.2
2026-03-24 21:52:00.000,8.4
2026-03-24 21:52:04.000,8.4
2026-03-24 21:52:04.000,7.2
2026-03-24 21:53:08.000,7.2
2026-03-24 21:53:08.000,8.4
2026-03-24 21:54:04.000,8.4
2026-03-24 21:54:04.000,9.6
2026-03-24 21:54:06.000,9.6
2026-03-24 21:54:06.000,8.4
2026-03-24 21:54:30.000,8.4
2026-03-24 21:54:30.000,9.6
2026-03-24 21:54:32.000,9.6
2026-03-24 21:54:32.000,7.2
2026-03-24 21:54:34.000,7.2
2026-03-24 21:54:34.000,8.4
2026-03-24 21:55:02.000,8.4
2026-03-24 21:55:02.000,9.6
2026-03-24 21:55:08.000,9.6
2026-03-24 21:55:08.000,8.4
2026-03-24 21:56:08.000,8.4
2026-03-24 21:56:08.000,9.6
2026-03-24 21:56:10.000,9.6
2026-03-24 21:56:10.000,7.2
2026-03-24 21:56:14.000,7.2
2026-03-24 21:56:14.000,6
2026-03-24 21:56:20.000,6
2026-03-24 21:56:20.000,7.2
2026-03-24 21:56:32.000,7.2
2026-03-24 21:56:32.000,8.4
2026-03-24 21:56:54.000,8.4
2026-03-24 21:56:54.000,9.6
2026-03-24 21:56:58.000,9.6
2026-03-24 21:56:58.000,8.4
2026-03-24 21:57:22.000,8.4
2026-03-24 21:57:22.000,7.2
2026-03-24 21:57:24.000,7.2
2026-03-24 21:57:24.000,8.4
2026-03-24 21:57:36.000,8.4
2026-03-24 21:57:36.000,7.2
2026-03-24 21:57:46.000,7.2
2026-03-24 21:57:46.000,8.4
2026-03-24 21:57:52.000,8.4
2026-03-24 21:57:52.000,7.2
2026-03-24 21:58:04.000,7.2
2026-03-24 21:58:04.000,8.4
2026-03-24 21:58:16.000,8.4
2026-03-24 21:58:16.000,7.2
2026-03-24 21:58:32.000,7.2
2026-03-24 21:58:32.000,8.4
2026-03-24 21:58:36.000,8.4
2026-03-24 21:58:36.000,7.2
2026-03-24 21:58:50.000,7.2
2026-03-24 21:58:50.000,8.4
2026-03-24 21:58:54.000,8.4
2026-03-24 21:58:54.000,7.2
2026-03-24 21:58:58.000,7.2
2026-03-24 21:58:58.000,8.4
2026-03-24 21:59:00.000,8.4
2026-03-24 21:59:00.000,7.2
2026-03-24 21:59:16.000,7.2
2026-03-24 21:59:16.000,8.4
2026-03-24 21:59:18.000,8.4
2026-03-24 21:59:18.000,7.2
2026-03-24 21:59:38.000,7.2
2026-03-24 21:59:38.000,8.4
2026-03-24 21:59:44.000,8.4
2026-03-24 21:59:44.000,7.2
2026-03-24 21:59:48.000,7.2
2026-03-24 21:59:48.000,8.4
2026-03-24 21:59:58.000,8.4
2026-03-24 21:59:58.000,7.2
2026-03-24 22:00:02.000,7.2
2026-03-24 22:00:02.000,9.6
2026-03-24 22:00:04.000,9.6
2026-03-24 22:00:04.000,6
2026-03-24 22:00:08.000,6
2026-03-24 22:00:08.000,8.4
2026-03-24 22:00:10.000,8.4
2026-03-24 22:00:10.000,6
2026-03-24 22:00:12.000,6
2026-03-24 22:00:12.000,7.2
2026-03-24 22:00:14.000,7.2
2026-03-24 22:00:14.000,6
2026-03-24 22:00:18.000,6
2026-03-24 22:00:18.000,7.2
2026-03-24 22:00:22.000,7.2
2026-03-24 22:00:22.000,8.4
2026-03-24 22:00:24.000,8.4
2026-03-24 22:00:24.000,7.2
2026-03-24 22:00:26.000,7.2
2026-03-24 22:00:26.000,8.4
2026-03-24 22:00:28.000,8.4
2026-03-24 22:00:28.000,7.2
2026-03-24 22:00:32.000,7.2
2026-03-24 22:00:32.000,6
2026-03-24 22:00:38.000,6
2026-03-24 22:00:38.000,8.4
2026-03-24 22:00:42.000,8.4
2026-03-24 22:00:42.000,9.6
2026-03-24 22:00:46.000,9.6
2026-03-24 22:00:46.000,8.4
2026-03-24 22:01:04.000,8.4
2026-03-24 22:01:04.000,9.6
2026-03-24 22:01:06.000,9.6
2026-03-24 22:01:06.000,8.4
2026-03-24 22:01:14.000,8.4
2026-03-24 22:01:14.000,7.2
2026-03-24 22:01:16.000,7.2
2026-03-24 22:01:16.000,8.4
2026-03-24 22:01:20.000,8.4
2026-03-24 22:01:20.000,7.2
2026-03-24 22:01:34.000,7.2
2026-03-24 22:01:34.000,8.4
2026-03-24 22:01:52.000,8.4
2026-03-24 22:01:52.000,9.6
2026-03-24 22:02:12.000,9.6
2026-03-24 22:02:12.000,8.4
2026-03-24 22:02:28.000,8.4
2026-03-24 22:02:28.000,9.6
2026-03-24 22:02:32.000,9.6
2026-03-24 22:02:32.000,8.4
2026-03-24 22:02:34.000,8.4
2026-03-24 22:02:34.000,9.6
2026-03-24 22:02:36.000,9.6
2026-03-24 22:02:36.000,8.4
2026-03-24 22:03:08.000,8.4
2026-03-24 22:03:08.000,7.2
2026-03-24 22:03:14.000,7.2
2026-03-24 22:03:14.000,8.4
2026-03-24 22:03:18.000,8.4
2026-03-24 22:03:18.000,9.6
2026-03-24 22:03:20.000,9.6
2026-03-24 22:03:20.000,8.4
2026-03-24 22:03:28.000,8.4
2026-03-24 22:03:28.000,7.2
2026-03-24 22:03:34.000,7.2
2026-03-24 22:03:34.000,8.4
2026-03-24 22:03:36.000,8.4
2026-03-24 22:03:36.000,9.6
2026-03-24 22:03:40.000,9.6
2026-03-24 22:03:40.000,10.8
2026-03-24 22:03:44.000,10.8
2026-03-24 22:03:44.000,9.6
2026-03-24 22:03:48.000,9.6
2026-03-24 22:03:48.000,8.4
2026-03-24 22:04:00.000,8.4
2026-03-24 22:04:00.000,7.2
2026-03-24 22:04:04.000,7.2
2026-03-24 22:04:04.000,8.4
2026-03-24 22:04:06.000,8.4
2026-03-24 22:04:06.000,9.6
2026-03-24 22:04:08.000,9.6
2026-03-24 22:04:08.000,7.2
2026-03-24 22:04:10.000,7.2
2026-03-24 22:04:10.000,10.8
2026-03-24 22:04:12.000,10.8
2026-03-24 22:04:12.000,8.4
2026-03-24 22:04:14.000,8.4
2026-03-24 22:04:14.000,7.2
2026-03-24 22:04:16.000,7.2
2026-03-24 22:04:16.000,8.4
2026-03-24 22:04:18.000,8.4
2026-03-24 22:04:18.000,9.6
2026-03-24 22:04:22.000,9.6
2026-03-24 22:04:22.000,8.4
2026-03-24 22:04:26.000,8.4
2026-03-24 22:04:26.000,7.2
2026-03-24 22:04:30.000,7.2
2026-03-24 22:04:30.000,8.4
2026-03-24 22:04:32.000,8.4
2026-03-24 22:04:32.000,9.6
2026-03-24 22:04:34.000,9.6
2026-03-24 22:04:34.000,13.2
2026-03-24 22:04:36.000,13.2
2026-03-24 22:04:36.000,4.8
2026-03-24 22:04:38.000,4.8
2026-03-24 22:04:38.000,2.4
2026-03-24 22:04:40.000,2.4
2026-03-24 22:04:40.000,8.4
2026-03-24 22:04:42.000,8.4
2026-03-24 22:04:42.000,10.8
2026-03-24 22:04:44.000,10.8
2026-03-24 22:04:44.000,6
2026-03-24 22:04:46.000,6
2026-03-24 22:04:46.000,8.4
2026-03-24 22:04:50.000,8.4
2026-03-24 22:04:50.000,7.2
2026-03-24 22:04:52.000,7.2
2026-03-24 22:04:52.000,8.4
2026-03-24 22:04:54.000,8.4
2026-03-24 22:04:54.000,9.6
2026-03-24 22:04:56.000,9.6
2026-03-24 22:04:56.000,8.4
2026-03-24 22:04:58.000,8.4
2026-03-24 22:04:58.000,7.2
2026-03-24 22:05:00.000,7.2
2026-03-24 22:05:00.000,6
2026-03-24 22:05:02.000,6
2026-03-24 22:05:02.000,7.2
2026-03-24 22:05:06.000,7.2
2026-03-24 22:05:06.000,12
2026-03-24 22:05:08.000,12
2026-03-24 22:05:08.000,7.2
2026-03-24 22:05:12.000,7.2
2026-03-24 22:05:12.000,4.8
2026-03-24 22:05:16.000,4.8
2026-03-24 22:05:16.000,6
2026-03-24 22:05:18.000,6
2026-03-24 22:05:18.000,7.2
2026-03-24 22:05:24.000,7.2
2026-03-24 22:05:24.000,8.4
2026-03-24 22:05:26.000,8.4
2026-03-24 22:05:26.000,10.8
2026-03-24 22:05:30.000,10.8
2026-03-24 22:05:30.000,12
2026-03-24 22:05:34.000,12
2026-03-24 22:05:34.000,9.6
2026-03-24 22:05:38.000,9.6
2026-03-24 22:05:38.000,8.4
2026-03-24 22:05:52.000,8.4
2026-03-24 22:05:52.000,9.6
2026-03-24 22:05:58.000,9.6
2026-03-24 22:05:58.000,10.8
2026-03-24 22:06:00.000,10.8
2026-03-24 22:06:00.000,9.6
2026-03-24 22:06:30.000,9.6
2026-03-24 22:06:30.000,8.4
2026-03-24 22:06:34.000,8.4
2026-03-24 22:06:34.000,9.6
2026-03-24 22:07:06.000,9.6
2026-03-24 22:07:06.000,8.4
2026-03-24 22:07:14.000,8.4
2026-03-24 22:07:14.000,9.6
2026-03-24 22:07:22.000,9.6
2026-03-24 22:07:22.000,8.4
2026-03-24 22:07:24.000,8.4
2026-03-24 22:07:24.000,9.6
2026-03-24 22:07:28.000,9.6
2026-03-24 22:07:28.000,7.2
2026-03-24 22:07:34.000,7.2
2026-03-24 22:07:34.000,8.4
2026-03-24 22:07:36.000,8.4
2026-03-24 22:07:36.000,9.6
2026-03-24 22:07:38.000,9.6
2026-03-24 22:07:38.000,8.4
2026-03-24 22:07:40.000,8.4
2026-03-24 22:07:40.000,10.8
2026-03-24 22:07:42.000,10.8
2026-03-24 22:07:42.000,8.4
2026-03-24 22:07:44.000,8.4
2026-03-24 22:07:44.000,7.2
2026-03-24 22:07:56.000,7.2
2026-03-24 22:07:56.000,8.4
2026-03-24 22:08:00.000,8.4
2026-03-24 22:08:00.000,10.8
2026-03-24 22:08:02.000,10.8
2026-03-24 22:08:02.000,9.6
2026-03-24 22:08:04.000,9.6
2026-03-24 22:08:04.000,10.8
2026-03-24 22:08:06.000,10.8
2026-03-24 22:08:06.000,9.6
2026-03-24 22:08:08.000,9.6
2026-03-24 22:08:08.000,8.4
2026-03-24 22:08:12.000,8.4
2026-03-24 22:08:12.000,7.2
2026-03-24 22:08:22.000,7.2
2026-03-24 22:08:22.000,8.4
2026-03-24 22:08:26.000,8.4
2026-03-24 22:08:26.000,7.2
2026-03-24 22:08:28.000,7.2
2026-03-24 22:08:28.000,8.4
2026-03-24 22:09:08.000,8.4
2026-03-24 22:09:08.000,7.2
2026-03-24 22:09:12.000,7.2
2026-03-24 22:09:12.000,8.4
2026-03-24 22:09:44.000,8.4
2026-03-24 22:09:44.000,9.6
2026-03-24 22:09:46.000,9.6
2026-03-24 22:09:46.000,8.4
2026-03-24 22:10:26.000,8.4
2026-03-24 22:10:26.000,10.8
2026-03-24 22:10:42.000,10.8
2026-03-24 22:10:42.000,9.6
2026-03-24 22:10:44.000,9.6
2026-03-24 22:10:44.000,8.4
2026-03-24 22:10:46.000,8.4
2026-03-24 22:10:46.000,14.4
2026-03-24 22:10:48.000,14.4
2026-03-24 22:10:48.000,9.6
2026-03-24 22:10:52.000,9.6
2026-03-24 22:10:52.000,8.4
2026-03-24 22:10:56.000,8.4
2026-03-24 22:10:56.000,9.6
2026-03-24 22:10:58.000,9.6
2026-03-24 22:10:58.000,10.8
2026-03-24 22:11:00.000,10.8
2026-03-24 22:11:00.000,7.2
2026-03-24 22:11:02.000,7.2
2026-03-24 22:11:02.000,9.6
2026-03-24 22:11:04.000,9.6
2026-03-24 22:11:04.000,12
2026-03-24 22:11:06.000,12
2026-03-24 22:11:06.000,7.2
2026-03-24 22:11:08.000,7.2
2026-03-24 22:11:08.000,9.6
2026-03-24 22:11:10.000,9.6
2026-03-24 22:11:10.000,6
2026-03-24 22:11:12.000,6
2026-03-24 22:11:12.000,7.2
2026-03-24 22:11:14.000,7.2
2026-03-24 22:11:14.000,9.6
2026-03-24 22:11:16.000,9.6
2026-03-24 22:11:16.000,7.2
2026-03-24 22:11:18.000,7.2
2026-03-24 22:11:18.000,6
2026-03-24 22:11:20.000,6
2026-03-24 22:11:20.000,7.2
2026-03-24 22:11:22.000,7.2
2026-03-24 22:11:22.000,6
2026-03-24 22:11:24.000,6
2026-03-24 22:11:24.000,7.2
2026-03-24 22:11:28.000,7.2
2026-03-24 22:11:28.000,8.4
2026-03-24 22:11:30.000,8.4
2026-03-24 22:11:30.000,9.6
2026-03-24 22:11:32.000,9.6
2026-03-24 22:11:32.000,8.4
2026-03-24 22:11:34.000,8.4
2026-03-24 22:11:34.000,7.2
2026-03-24 22:11:38.000,7.2
2026-03-24 22:11:38.000,8.4
2026-03-24 22:11:40.000,8.4
2026-03-24 22:11:40.000,7.2
2026-03-24 22:11:42.000,7.2
2026-03-24 22:11:42.000,8.4
2026-03-24 22:11:48.000,8.4
2026-03-24 22:11:48.000,9.6
2026-03-24 22:11:52.000,9.6
2026-03-24 22:11:52.000,8.4
2026-03-24 22:12:10.000,8.4
2026-03-24 22:12:10.000,9.6
2026-03-24 22:12:14.000,9.6
2026-03-24 22:12:14.000,8.4
2026-03-24 22:12:16.000,8.4
2026-03-24 22:12:16.000,12
2026-03-24 22:12:18.000,12
2026-03-24 22:12:18.000,10.8
2026-03-24 22:12:20.000,10.8
2026-03-24 22:12:20.000,9.6
2026-03-24 22:12:22.000,9.6
2026-03-24 22:12:22.000,8.4
2026-03-24 22:12:28.000,8.4
2026-03-24 22:12:28.000,9.6
2026-03-24 22:12:30.000,9.6
2026-03-24 22:12:30.000,7.2
2026-03-24 22:12:32.000,7.2
2026-03-24 22:12:32.000,9.6
2026-03-24 22:12:34.000,9.6
2026-03-24 22:12:34.000,8.4
2026-03-24 22:12:40.000,8.4
2026-03-24 22:12:40.000,7.2
2026-03-24 22:12:48.000,7.2
2026-03-24 22:12:48.000,8.4
2026-03-24 22:12:54.000,8.4
2026-03-24 22:12:54.000,9.6
2026-03-24 22:13:06.000,9.6
2026-03-24 22:13:06.000,8.4
2026-03-24 22:13:08.000,8.4
2026-03-24 22:13:08.000,7.2
2026-03-24 22:13:18.000,7.2
2026-03-24 22:13:18.000,8.4
2026-03-24 22:13:24.000,8.4
2026-03-24 22:13:24.000,9.6
2026-03-24 22:13:28.000,9.6
2026-03-24 22:13:28.000,10.8
2026-03-24 22:13:30.000,10.8
2026-03-24 22:13:30.000,8.4
2026-03-24 22:13:34.000,8.4
2026-03-24 22:13:34.000,7.2
2026-03-24 22:13:36.000,7.2
2026-03-24 22:13:36.000,8.4
2026-03-24 22:13:48.000,8.4
2026-03-24 22:13:48.000,9.6
2026-03-24 22:13:56.000,9.6
2026-03-24 22:13:56.000,8.4
2026-03-24 22:14:10.000,8.4
2026-03-24 22:14:10.000,9.6
2026-03-24 22:14:26.000,9.6
2026-03-24 22:14:26.000,8.4
2026-03-24 22:15:02.000,8.4
2026-03-24 22:15:02.000,9.6
2026-03-24 22:15:04.000,9.6
2026-03-24 22:15:04.000,7.2
2026-03-24 22:15:06.000,7.2
2026-03-24 22:15:06.000,8.4
2026-03-24 22:15:10.000,8.4
2026-03-24 22:15:10.000,6
2026-03-24 22:15:12.000,6
2026-03-24 22:15:12.000,7.2
2026-03-24 22:15:18.000,7.2
2026-03-24 22:15:18.000,8.4
2026-03-24 22:15:20.000,8.4
2026-03-24 22:15:20.000,7.2
2026-03-24 22:15:22.000,7.2
2026-03-24 22:15:22.000,8.4
2026-03-24 22:15:26.000,8.4
2026-03-24 22:15:26.000,7.2
2026-03-24 22:15:28.000,7.2
2026-03-24 22:15:28.000,8.4
2026-03-24 22:15:30.000,8.4
2026-03-24 22:15:30.000,9.6
2026-03-24 22:15:32.000,9.6
2026-03-24 22:15:32.000,8.4
2026-03-24 22:15:36.000,8.4
2026-03-24 22:15:36.000,7.2
2026-03-24 22:15:40.000,7.2
2026-03-24 22:15:40.000,8.4
2026-03-24 22:16:00.000,8.4
2026-03-24 22:16:00.000,9.6
2026-03-24 22:16:02.000,9.6
2026-03-24 22:16:02.000,10.8
2026-03-24 22:16:10.000,10.8
2026-03-24 22:16:10.000,9.6
2026-03-24 22:16:24.000,9.6
2026-03-24 22:16:24.000,8.4
2026-03-24 22:16:34.000,8.4
2026-03-24 22:16:34.000,9.6
2026-03-24 22:16:44.000,9.6
2026-03-24 22:16:44.000,10.8
2026-03-24 22:16:54.000,10.8
2026-03-24 22:16:54.000,9.6
2026-03-24 22:16:58.000,9.6
2026-03-24 22:16:58.000,12
2026-03-24 22:17:00.000,12
2026-03-24 22:17:00.000,7.2
2026-03-24 22:17:02.000,7.2
2026-03-24 22:17:02.000,9.6
2026-03-24 22:17:06.000,9.6
2026-03-24 22:17:06.000,6
2026-03-24 22:17:08.000,6
2026-03-24 22:17:08.000,7.2
2026-03-24 22:17:10.000,7.2
2026-03-24 22:17:10.000,6
2026-03-24 22:17:12.000,6
2026-03-24 22:17:12.000,7.2
2026-03-24 22:17:34.000,7.2
2026-03-24 22:17:34.000,8.4
2026-03-24 22:17:38.000,8.4
2026-03-24 22:17:38.000,12
2026-03-24 22:17:40.000,12
2026-03-24 22:17:40.000,10.8
2026-03-24 22:17:44.000,10.8
2026-03-24 22:17:44.000,8.4
2026-03-24 22:17:46.000,8.4
2026-03-24 22:17:46.000,7.2
2026-03-24 22:18:06.000,7.2
2026-03-24 22:18:06.000,8.4
2026-03-24 22:18:14.000,8.4
2026-03-24 22:18:14.000,9.6
2026-03-24 22:18:16.000,9.6
2026-03-24 22:18:16.000,8.4
2026-03-24 22:18:18.000,8.4
2026-03-24 22:18:18.000,9.6
2026-03-24 22:18:22.000,9.6
2026-03-24 22:18:22.000,8.4
2026-03-24 22:18:24.000,8.4
2026-03-24 22:18:24.000,7.2
2026-03-24 22:18:26.000,7.2
2026-03-24 22:18:26.000,8.4
2026-03-24 22:18:30.000,8.4
2026-03-24 22:18:30.000,7.2
2026-03-24 22:18:44.000,7.2
2026-03-24 22:18:44.000,8.4
2026-03-24 22:18:46.000,8.4
2026-03-24 22:18:46.000,13.2
2026-03-24 22:18:48.000,13.2
2026-03-24 22:18:48.000,0
2026-03-24 22:18:50.000,0
2026-03-24 22:18:50.000,3.6
2026-03-24 22:18:52.000,3.6
2026-03-24 22:18:52.000,2.4
2026-03-24 22:18:54.000,2.4
2026-03-24 22:18:54.000,3.6
2026-03-24 22:18:56.000,3.6
2026-03-24 22:18:56.000,6
2026-03-24 22:18:58.000,6
2026-03-24 22:18:58.000,7.2
2026-03-24 22:19:06.000,7.2
2026-03-24 22:19:06.000,8.4
2026-03-24 22:19:08.000,8.4
2026-03-24 22:19:08.000,9.6
2026-03-24 22:19:12.000,9.6
2026-03-24 22:19:12.000,10.8
2026-03-24 22:19:14.000,10.8
2026-03-24 22:19:14.000,7.2
2026-03-24 22:19:16.000,7.2
2026-03-24 22:19:16.000,8.4
2026-03-24 22:19:18.000,8.4
2026-03-24 22:19:18.000,7.2
2026-03-24 22:19:20.000,7.2
2026-03-24 22:19:20.000,6
2026-03-24 22:19:28.000,6
2026-03-24 22:19:28.000,7.2
2026-03-24 22:19:34.000,7.2
2026-03-24 22:19:34.000,8.4
2026-03-24 22:19:40.000,8.4
2026-03-24 22:19:40.000,10.8
2026-03-24 22:19:42.000,10.8
2026-03-24 22:19:42.000,9.6
2026-03-24 22:19:46.000,9.6
2026-03-24 22:19:46.000,12
2026-03-24 22:19:48.000,12
2026-03-24 22:19:48.000,7.2
2026-03-24 22:19:50.000,7.2
2026-03-24 22:19:50.000,8.4
2026-03-24 22:19:54.000,8.4
2026-03-24 22:19:54.000,7.2
2026-03-24 22:20:02.000,7.2
2026-03-24 22:20:02.000,8.4
2026-03-24 22:20:10.000,8.4
2026-03-24 22:20:10.000,9.6
2026-03-24 22:20:14.000,9.6
2026-03-24 22:20:14.000,10.8
2026-03-24 22:20:16.000,10.8
2026-03-24 22:20:16.000,9.6
2026-03-24 22:20:22.000,9.6
2026-03-24 22:20:22.000,8.4
2026-03-24 22:21:04.000,8.4
2026-03-24 22:21:04.000,9.6
2026-03-24 22:21:06.000,9.6
2026-03-24 22:21:06.000,8.4
2026-03-24 22:21:28.000,8.4
2026-03-24 22:21:28.000,9.6
2026-03-24 22:21:30.000,9.6
2026-03-24 22:21:30.000,10.8
2026-03-24 22:21:32.000,10.8
2026-03-24 22:21:32.000,9.6
2026-03-24 22:21:34.000,9.6
2026-03-24 22:21:34.000,8.4
2026-03-24 22:21:52.000,8.4
2026-03-24 22:21:52.000,9.6
2026-03-24 22:22:04.000,9.6
2026-03-24 22:22:04.000,8.4
2026-03-24 22:22:16.000,8.4
2026-03-24 22:22:16.000,9.6
2026-03-24 22:22:28.000,9.6
2026-03-24 22:22:28.000,8.4
2026-03-24 22:22:42.000,8.4
2026-03-24 22:22:42.000,9.6
2026-03-24 22:22:44.000,9.6
2026-03-24 22:22:44.000,8.4
2026-03-24 22:22:46.000,8.4
2026-03-24 22:22:46.000,9.6
2026-03-24 22:23:14.000,9.6
2026-03-24 22:23:14.000,8.4
2026-03-24 22:23:20.000,8.4
2026-03-24 22:23:20.000,9.6
2026-03-24 22:23:28.000,9.6
2026-03-24 22:23:28.000,8.4
2026-03-24 22:23:44.000,8.4
2026-03-24 22:23:44.000,9.6
2026-03-24 22:24:00.000,9.6
2026-03-24 22:24:00.000,8.4
2026-03-24 22:24:02.000,8.4
2026-03-24 22:24:02.000,9.6
2026-03-24 22:24:06.000,9.6
2026-03-24 22:24:06.000,10.8
2026-03-24 22:24:08.000,10.8
2026-03-24 22:24:08.000,12
2026-03-24 22:24:10.000,12
2026-03-24 22:24:10.000,10.8
2026-03-24 22:24:12.000,10.8
2026-03-24 22:24:12.000,9.6
2026-03-24 22:24:24.000,9.6
2026-03-24 22:24:24.000,12
2026-03-24 22:24:26.000,12
2026-03-24 22:24:26.000,9.6
2026-03-24 22:24:28.000,9.6
2026-03-24 22:24:28.000,10.8
2026-03-24 22:24:42.000,10.8
2026-03-24 22:24:42.000,9.6
2026-03-24 22:24:58.000,9.6
2026-03-24 22:24:58.000,10.8
2026-03-24 22:25:14.000,10.8
2026-03-24 22:25:14.000,9.6
2026-03-24 22:25:28.000,9.6
2026-03-24 22:25:28.000,10.8
2026-03-24 22:25:36.000,10.8
2026-03-24 22:25:36.000,12
2026-03-24 22:25:40.000,12
2026-03-24 22:25:40.000,10.8
2026-03-24 22:25:52.000,10.8
2026-03-24 22:25:52.000,12
2026-03-24 22:25:54.000,12
2026-03-24 22:25:54.000,10.8
2026-03-24 22:25:58.000,10.8
2026-03-24 22:25:58.000,9.6
2026-03-24 22:26:16.000,9.6
2026-03-24 22:26:16.000,10.8
2026-03-24 22:26:18.000,10.8
2026-03-24 22:26:18.000,12
2026-03-24 22:26:24.000,12
2026-03-24 22:26:24.000,13.2
2026-03-24 22:26:28.000,13.2
2026-03-24 22:26:28.000,10.8
2026-03-24 22:26:32.000,10.8
2026-03-24 22:26:32.000,9.6
2026-03-24 22:26:36.000,9.6
2026-03-24 22:26:36.000,8.4
2026-03-24 22:26:38.000,8.4
2026-03-24 22:26:38.000,9.6
2026-03-24 22:26:52.000,9.6
2026-03-24 22:26:52.000,10.8
2026-03-24 22:26:56.000,10.8
2026-03-24 22:26:56.000,12
2026-03-24 22:27:02.000,12
2026-03-24 22:27:02.000,10.8
2026-03-24 22:27:08.000,10.8
2026-03-24 22:27:08.000,9.6
2026-03-24 22:27:24.000,9.6
2026-03-24 22:27:24.000,10.8
2026-03-24 22:27:48.000,10.8
2026-03-24 22:27:48.000,9.6
2026-03-24 22:28:02.000,9.6
2026-03-24 22:28:02.000,10.8
2026-03-24 22:28:14.000,10.8
2026-03-24 22:28:14.000,9.6
2026-03-24 22:28:28.000,9.6
2026-03-24 22:28:28.000,10.8
2026-03-24 22:28:44.000,10.8
2026-03-24 22:28:44.000,9.6
2026-03-24 22:29:18.000,9.6
2026-03-24 22:29:18.000,10.8
2026-03-24 22:29:28.000,10.8
2026-03-24 22:29:28.000,9.6
2026-03-24 22:29:30.000,9.6
2026-03-24 22:29:30.000,10.8
2026-03-24 22:29:34.000,10.8
2026-03-24 22:29:34.000,9.6
2026-03-24 22:29:54.000,9.6
2026-03-24 22:29:54.000,10.8
2026-03-24 22:29:58.000,10.8
2026-03-24 22:29:58.000,9.6
2026-03-24 22:30:02.000,9.6
2026-03-24 22:30:02.000,10.8
2026-03-24 22:30:04.000,10.8
2026-03-24 22:30:04.000,9.6
2026-03-24 22:30:16.000,9.6
2026-03-24 22:30:16.000,10.8
2026-03-24 22:30:18.000,10.8
2026-03-24 22:30:18.000,9.6
2026-03-24 22:30:36.000,9.6
2026-03-24 22:30:36.000,10.8
2026-03-24 22:30:38.000,10.8
2026-03-24 22:30:38.000,9.6
2026-03-24 22:30:48.000,9.6
2026-03-24 22:30:48.000,10.8
2026-03-24 22:30:52.000,10.8
2026-03-24 22:30:52.000,9.6
2026-03-24 22:30:54.000,9.6
2026-03-24 22:30:54.000,10.8
2026-03-24 22:30:58.000,10.8
2026-03-24 22:30:58.000,9.6
2026-03-24 22:31:06.000,9.6
2026-03-24 22:31:06.000,10.8
2026-03-24 22:31:08.000,10.8
2026-03-24 22:31:08.000,9.6
2026-03-24 22:31:12.000,9.6
2026-03-24 22:31:12.000,10.8
2026-03-24 22:31:16.000,10.8
2026-03-24 22:31:16.000,9.6
2026-03-24 22:31:40.000,9.6
2026-03-24 22:31:40.000,10.8
2026-03-24 22:31:54.000,10.8
2026-03-24 22:31:54.000,9.6
2026-03-24 22:32:42.000,9.6
2026-03-24 22:32:42.000,10.8
2026-03-24 22:32:48.000,10.8
2026-03-24 22:32:48.000,9.6
2026-03-24 22:33:44.000,9.6
2026-03-24 22:33:44.000,10.8
2026-03-24 22:33:46.000,10.8
2026-03-24 22:33:46.000,9.6
2026-03-24 22:33:50.000,9.6
2026-03-24 22:33:50.000,10.8
2026-03-24 22:33:54.000,10.8
2026-03-24 22:33:54.000,9.6
2026-03-24 22:33:58.000,9.6
2026-03-24 22:33:58.000,10.8
2026-03-24 22:34:02.000,10.8
2026-03-24 22:34:02.000,14.4
2026-03-24 22:34:04.000,14.4
2026-03-24 22:34:04.000,15.6
2026-03-24 22:34:08.000,15.6
2026-03-24 22:34:08.000,14.4
2026-03-24 22:34:12.000,14.4
2026-03-24 22:34:12.000,12
2026-03-24 22:34:34.000,12
2026-03-24 22:34:34.000,13.2
2026-03-24 22:34:38.000,13.2
2026-03-24 22:34:38.000,12
2026-03-24 22:34:40.000,12
2026-03-24 22:34:40.000,13.2
2026-03-24 22:34:42.000,13.2
2026-03-24 22:34:42.000,15.6
2026-03-24 22:34:44.000,15.6
2026-03-24 22:34:44.000,14.4
2026-03-24 22:34:46.000,14.4
2026-03-24 22:34:46.000,13.2
2026-03-24 22:34:48.000,13.2
2026-03-24 22:34:48.000,12
2026-03-24 22:34:50.000,12
2026-03-24 22:34:50.000,13.2
2026-03-24 22:34:54.000,13.2
2026-03-24 22:34:54.000,14.4
2026-03-24 22:34:56.000,14.4
2026-03-24 22:34:56.000,15.6
2026-03-24 22:35:00.000,15.6
2026-03-24 22:35:00.000,18
2026-03-24 22:35:02.000,18
2026-03-24 22:35:02.000,16.8
2026-03-24 22:35:04.000,16.8
2026-03-24 22:35:04.000,19.2
2026-03-24 22:35:06.000,19.2
2026-03-24 22:35:06.000,18
2026-03-24 22:35:08.000,18
2026-03-24 22:35:08.000,19.2
2026-03-24 22:35:14.000,19.2
2026-03-24 22:35:14.000,20.4
2026-03-24 22:35:28.000,20.4
2026-03-24 22:35:28.000,21.6
2026-03-24 22:35:30.000,21.6
2026-03-24 22:35:30.000,20.4
2026-03-24 22:35:32.000,20.4
2026-03-24 22:35:32.000,21.6
2026-03-24 22:35:40.000,21.6
2026-03-24 22:35:40.000,22.8
2026-03-24 22:35:46.000,22.8
2026-03-24 22:35:46.000,24
2026-03-24 22:35:50.000,24
2026-03-24 22:35:50.000,25.2
2026-03-24 22:35:54.000,25.2
2026-03-24 22:35:54.000,24
2026-03-24 22:36:00.000,24
2026-03-24 22:36:00.000,22.8
2026-03-24 22:36:04.000,22.8
2026-03-24 22:36:04.000,24
2026-03-24 22:36:08.000,24
2026-03-24 22:36:08.000,22.8
2026-03-24 22:36:12.000,22.8
2026-03-24 22:36:12.000,21.6
2026-03-24 22:36:16.000,21.6
2026-03-24 22:36:16.000,20.4
2026-03-24 22:36:26.000,20.4
2026-03-24 22:36:26.000,21.6
2026-03-24 22:36:38.000,21.6
2026-03-24 22:36:38.000,22.8
2026-03-24 22:36:40.000,22.8
2026-03-24 22:36:40.000,21.6
2026-03-24 22:36:42.000,21.6
2026-03-24 22:36:42.000,22.8
2026-03-24 22:36:44.000,22.8
2026-03-24 22:36:44.000,24
2026-03-24 22:36:46.000,24
2026-03-24 22:36:46.000,20.4
2026-03-24 22:36:48.000,20.4
2026-03-24 22:36:48.000,22.8
2026-03-24 22:36:50.000,22.8
2026-03-24 22:36:50.000,20.4
2026-03-24 22:36:52.000,20.4
2026-03-24 22:36:52.000,21.6
2026-03-24 22:37:02.000,21.6
2026-03-24 22:37:02.000,25.2
2026-03-24 22:37:04.000,25.2
2026-03-24 22:37:04.000,13.2
2026-03-24 22:37:06.000,13.2
2026-03-24 22:37:06.000,9.6
2026-03-24 22:37:08.000,9.6
2026-03-24 22:37:08.000,13.2
2026-03-24 22:37:12.000,13.2
2026-03-24 22:37:12.000,14.4
2026-03-24 22:37:14.000,14.4
2026-03-24 22:37:14.000,16.8
2026-03-24 22:37:18.000,16.8
2026-03-24 22:37:18.000,18
2026-03-24 22:37:22.000,18
2026-03-24 22:37:22.000,19.2
2026-03-24 22:37:28.000,19.2
2026-03-24 22:37:28.000,20.4
2026-03-24 22:37:38.000,20.4
2026-03-24 22:37:38.000,21.6
2026-03-24 22:37:42.000,21.6
2026-03-24 22:37:42.000,20.4
2026-03-24 22:37:46.000,20.4
2026-03-24 22:37:46.000,21.6
2026-03-24 22:37:56.000,21.6
2026-03-24 22:37:56.000,22.8
2026-03-24 22:38:00.000,22.8
2026-03-24 22:38:00.000,24
2026-03-24 22:38:02.000,24
2026-03-24 22:38:02.000,22.8
2026-03-24 22:38:04.000,22.8
2026-03-24 22:38:04.000,24
2026-03-24 22:38:12.000,24
2026-03-24 22:38:12.000,25.2
2026-03-24 22:38:42.000,25.2
2026-03-24 22:38:42.000,26.4
2026-03-24 22:39:14.000,26.4
2026-03-24 22:39:14.000,25.2
2026-03-24 22:39:16.000,25.2
2026-03-24 22:39:16.000,26.4
2026-03-24 22:39:18.000,26.4
2026-03-24 22:39:18.000,25.2
2026-03-24 22:39:20.000,25.2
2026-03-24 22:39:20.000,18
2026-03-24 22:39:22.000,18
2026-03-24 22:39:22.000,21.6
2026-03-24 22:39:24.000,21.6
2026-03-24 22:39:24.000,9.6
2026-03-24 22:39:26.000,9.6
2026-03-24 22:39:26.000,13.2
2026-03-24 22:39:28.000,13.2
2026-03-24 22:39:28.000,10.8
2026-03-24 22:39:30.000,10.8
2026-03-24 22:39:30.000,12
2026-03-24 22:39:48.000,12
2026-03-24 22:39:48.000,13.2
2026-03-24 22:39:52.000,13.2
2026-03-24 22:39:52.000,12
2026-03-24 22:39:54.000,12
2026-03-24 22:39:54.000,13.2
2026-03-24 22:40:04.000,13.2
2026-03-24 22:40:04.000,14.4
2026-03-24 22:40:20.000,14.4
2026-03-24 22:40:20.000,15.6
2026-03-24 22:40:22.000,15.6
2026-03-24 22:40:22.000,14.4
2026-03-24 22:40:26.000,14.4
2026-03-24 22:40:26.000,15.6
2026-03-24 22:40:54.000,15.6
2026-03-24 22:40:54.000,16.8
2026-03-24 22:41:20.000,16.8
2026-03-24 22:41:20.000,15.6
2026-03-24 22:41:22.000,15.6
2026-03-24 22:41:22.000,16.8
2026-03-24 22:41:36.000,16.8
2026-03-24 22:41:36.000,18
2026-03-24 22:42:00.000,18
2026-03-24 22:42:00.000,19.2
2026-03-24 22:42:02.000,19.2
2026-03-24 22:42:02.000,18
2026-03-24 22:42:06.000,18
2026-03-24 22:42:06.000,16.8
2026-03-24 22:42:08.000,16.8
2026-03-24 22:42:08.000,15.6
2026-03-24 22:42:10.000,15.6
2026-03-24 22:42:10.000,16.8
2026-03-24 22:42:12.000,16.8
2026-03-24 22:42:12.000,14.4
2026-03-24 22:42:14.000,14.4
2026-03-24 22:42:14.000,15.6
2026-03-24 22:42:16.000,15.6
2026-03-24 22:42:16.000,14.4
2026-03-24 22:42:18.000,14.4
2026-03-24 22:42:18.000,15.6
2026-03-24 22:42:34.000,15.6
2026-03-24 22:42:34.000,16.8
2026-03-24 22:42:40.000,16.8
2026-03-24 22:42:40.000,15.6
2026-03-24 22:42:42.000,15.6
2026-03-24 22:42:42.000,16.8
2026-03-24 22:43:06.000,16.8
2026-03-24 22:43:06.000,18
2026-03-24 22:43:22.000,18
2026-03-24 22:43:22.000,16.8
2026-03-24 22:43:24.000,16.8
2026-03-24 22:43:24.000,18
2026-03-24 22:43:26.000,18
2026-03-24 22:43:26.000,16.8
2026-03-24 22:43:30.000,16.8
2026-03-24 22:43:30.000,14.4
2026-03-24 22:43:32.000,14.4
2026-03-24 22:43:32.000,15.6
2026-03-24 22:43:38.000,15.6
2026-03-24 22:43:38.000,16.8
2026-03-24 22:43:48.000,16.8
2026-03-24 22:43:48.000,18
2026-03-24 22:44:06.000,18
2026-03-24 22:44:06.000,19.2
2026-03-24 22:44:08.000,19.2
2026-03-24 22:44:08.000,18
2026-03-24 22:44:10.000,18
2026-03-24 22:44:10.000,19.2
2026-03-24 22:44:12.000,19.2
2026-03-24 22:44:12.000,18
2026-03-24 22:44:20.000,18
2026-03-24 22:44:20.000,19.2
2026-03-24 22:44:22.000,19.2
2026-03-24 22:44:22.000,18
2026-03-24 22:44:46.000,18
2026-03-24 22:44:46.000,22.8
2026-03-24 22:44:48.000,22.8
2026-03-24 22:44:48.000,12
2026-03-24 22:44:50.000,12
2026-03-24 22:44:50.000,4.8
2026-03-24 22:44:52.000,4.8
2026-03-24 22:44:52.000,10.8
2026-03-24 22:44:58.000,10.8
2026-03-24 22:44:58.000,13.2
2026-03-24 22:45:02.000,13.2
2026-03-24 22:45:02.000,14.4
2026-03-24 22:45:04.000,14.4
2026-03-24 22:45:04.000,15.6
2026-03-24 22:45:08.000,15.6
2026-03-24 22:45:08.000,16.8
2026-03-24 22:45:10.000,16.8
2026-03-24 22:45:10.000,15.6
2026-03-24 22:45:18.000,15.6
2026-03-24 22:45:18.000,14.4
2026-03-24 22:45:22.000,14.4
2026-03-24 22:45:22.000,15.6
2026-03-24 22:45:40.000,15.6
2026-03-24 22:45:40.000,16.8
2026-03-24 22:45:54.000,16.8
2026-03-24 22:45:54.000,18
2026-03-24 22:46:02.000,18
2026-03-24 22:46:02.000,16.8
2026-03-24 22:46:08.000,16.8
2026-03-24 22:46:08.000,18
2026-03-24 22:46:20.000,18
2026-03-24 22:46:20.000,19.2
2026-03-24 22:46:24.000,19.2
2026-03-24 22:46:24.000,18
2026-03-24 22:46:28.000,18
2026-03-24 22:46:28.000,19.2
2026-03-24 22:46:36.000,19.2
2026-03-24 22:46:36.000,20.4
2026-03-24 22:46:52.000,20.4
2026-03-24 22:46:52.000,19.2
2026-03-24 22:46:54.000,19.2
2026-03-24 22:46:54.000,20.4
2026-03-24 22:46:56.000,20.4
2026-03-24 22:46:56.000,18
2026-03-24 22:46:58.000,18
2026-03-24 22:46:58.000,19.2
2026-03-24 22:47:02.000,19.2
2026-03-24 22:47:02.000,18
2026-03-24 22:47:26.000,18
2026-03-24 22:47:26.000,19.2
2026-03-24 22:47:42.000,19.2
2026-03-24 22:47:42.000,20.4
2026-03-24 22:48:04.000,20.4
2026-03-24 22:48:04.000,19.2
2026-03-24 22:48:08.000,19.2
2026-03-24 22:48:08.000,18
2026-03-24 22:48:14.000,18
2026-03-24 22:48:14.000,19.2
2026-03-24 22:48:22.000,19.2
2026-03-24 22:48:22.000,20.4
2026-03-24 22:48:44.000,20.4
2026-03-24 22:48:44.000,21.6
2026-03-24 22:48:50.000,21.6
2026-03-24 22:48:50.000,22.8
2026-03-24 22:49:02.000,22.8
2026-03-24 22:49:02.000,24
2026-03-24 22:49:04.000,24
2026-03-24 22:49:04.000,22.8
2026-03-24 22:49:14.000,22.8
2026-03-24 22:49:14.000,24
2026-03-24 22:49:58.000,24
2026-03-24 22:49:58.000,25.2
2026-03-24 22:50:00.000,25.2
2026-03-24 22:50:00.000,26.4
2026-03-24 22:50:02.000,26.4
2026-03-24 22:50:02.000,22.8
2026-03-24 22:50:04.000,22.8
2026-03-24 22:50:04.000,24
2026-03-24 22:50:06.000,24
2026-03-24 22:50:06.000,20.4
2026-03-24 22:50:08.000,20.4
2026-03-24 22:50:08.000,21.6
2026-03-24 22:50:10.000,21.6
2026-03-24 22:50:10.000,19.2
2026-03-24 22:50:12.000,19.2
2026-03-24 22:50:12.000,20.4
2026-03-24 22:50:18.000,20.4
2026-03-24 22:50:18.000,21.6
2026-03-24 22:50:20.000,21.6
2026-03-24 22:50:20.000,22.8
2026-03-24 22:50:24.000,22.8
2026-03-24 22:50:24.000,19.2
2026-03-24 22:50:26.000,19.2
2026-03-24 22:50:26.000,21.6
2026-03-24 22:50:28.000,21.6
2026-03-24 22:50:28.000,18
2026-03-24 22:50:30.000,18
2026-03-24 22:50:30.000,20.4
2026-03-24 22:50:32.000,20.4
2026-03-24 22:50:32.000,18
2026-03-24 22:50:34.000,18
2026-03-24 22:50:34.000,19.2
2026-03-24 22:50:36.000,19.2
2026-03-24 22:50:36.000,18
2026-03-24 22:50:40.000,18
2026-03-24 22:50:40.000,19.2
2026-03-24 22:50:58.000,19.2
2026-03-24 22:50:58.000,18
2026-03-24 22:51:02.000,18
2026-03-24 22:51:02.000,20.4
2026-03-24 22:51:04.000,20.4
2026-03-24 22:51:04.000,19.2
2026-03-24 22:51:06.000,19.2
2026-03-24 22:51:06.000,18
2026-03-24 22:51:08.000,18
2026-03-24 22:51:08.000,20.4
2026-03-24 22:51:10.000,20.4
2026-03-24 22:51:10.000,19.2
2026-03-24 22:51:12.000,19.2
2026-03-24 22:51:12.000,20.4
2026-03-24 22:51:14.000,20.4
2026-03-24 22:51:14.000,19.2
2026-03-24 22:51:26.000,19.2
2026-03-24 22:51:26.000,20.4
2026-03-24 22:52:08.000,20.4
2026-03-24 22:52:08.000,19.2
2026-03-24 22:52:10.000,19.2
2026-03-24 22:52:10.000,20.4
2026-03-24 22:53:08.000,20.4
2026-03-24 22:53:08.000,21.6
2026-03-24 22:53:12.000,21.6
2026-03-24 22:53:12.000,20.4
2026-03-24 22:53:14.000,20.4
2026-03-24 22:53:14.000,21.6
2026-03-24 22:53:24.000,21.6
2026-03-24 22:53:24.000,20.4
2026-03-24 22:53:38.000,20.4
2026-03-24 22:53:38.000,21.6
2026-03-24 22:53:42.000,21.6
2026-03-24 22:53:42.000,20.4
2026-03-24 22:53:46.000,20.4
2026-03-24 22:53:46.000,19.2
2026-03-24 22:53:50.000,19.2
2026-03-24 22:53:50.000,20.4
2026-03-24 22:53:56.000,20.4
2026-03-24 22:53:56.000,21.6
2026-03-24 22:54:12.000,21.6
2026-03-24 22:54:12.000,24
2026-03-24 22:54:14.000,24
2026-03-24 22:54:14.000,14.4
2026-03-24 22:54:16.000,14.4
2026-03-24 22:54:16.000,13.2
2026-03-24 22:54:18.000,13.2
2026-03-24 22:54:18.000,16.8
2026-03-24 22:54:20.000,16.8
2026-03-24 22:54:20.000,10.8
2026-03-24 22:54:22.000,10.8
2026-03-24 22:54:22.000,12
2026-03-24 22:54:28.000,12
2026-03-24 22:54:28.000,13.2
2026-03-24 22:54:30.000,13.2
2026-03-24 22:54:30.000,14.4
2026-03-24 22:54:32.000,14.4
2026-03-24 22:54:32.000,13.2
2026-03-24 22:54:34.000,13.2
2026-03-24 22:54:34.000,14.4
2026-03-24 22:54:36.000,14.4
2026-03-24 22:54:36.000,15.6
2026-03-24 22:54:44.000,15.6
2026-03-24 22:54:44.000,16.8
2026-03-24 22:54:50.000,16.8
2026-03-24 22:54:50.000,18
2026-03-24 22:54:56.000,18
2026-03-24 22:54:56.000,16.8
2026-03-24 22:54:58.000,16.8
2026-03-24 22:54:58.000,18
2026-03-24 22:55:00.000,18
2026-03-24 22:55:00.000,16.8
2026-03-24 22:55:04.000,16.8
2026-03-24 22:55:04.000,18
2026-03-24 22:55:06.000,18
2026-03-24 22:55:06.000,16.8
2026-03-24 22:55:10.000,16.8
2026-03-24 22:55:10.000,18
2026-03-24 22:55:24.000,18
2026-03-24 22:55:24.000,16.8
2026-03-24 22:55:26.000,16.8
2026-03-24 22:55:26.000,18
2026-03-24 22:55:28.000,18
2026-03-24 22:55:28.000,19.2
2026-03-24 22:55:36.000,19.2
2026-03-24 22:55:36.000,18
2026-03-24 22:55:38.000,18
2026-03-24 22:55:38.000,19.2
2026-03-24 22:55:40.000,19.2
2026-03-24 22:55:40.000,18
2026-03-24 22:55:48.000,18
2026-03-24 22:55:48.000,19.2
2026-03-24 22:55:56.000,19.2
2026-03-24 22:55:56.000,18
2026-03-24 22:56:02.000,18
2026-03-24 22:56:02.000,19.2
2026-03-24 22:57:00.000,19.2
2026-03-24 22:57:00.000,20.4
2026-03-24 22:57:02.000,20.4
2026-03-24 22:57:02.000,19.2
2026-03-24 22:57:18.000,19.2
2026-03-24 22:57:18.000,20.4
2026-03-24 22:57:20.000,20.4
2026-03-24 22:57:20.000,19.2
2026-03-24 22:57:24.000,19.2
2026-03-24 22:57:24.000,18
2026-03-24 22:57:30.000,18
2026-03-24 22:57:30.000,19.2
2026-03-24 22:57:40.000,19.2
2026-03-24 22:57:40.000,20.4
2026-03-24 22:57:44.000,20.4
2026-03-24 22:57:44.000,19.2
2026-03-24 22:58:00.000,19.2
